window_index,start_time_sec,end_time_sec,rms_energy,zero_crossing_rate,spectral_centroid_hz,spectral_rolloff_hz,band_energy_0_500,band_energy_500_2000,band_energy_2000_5000,band_energy_5000_10000,label
0,0.0,0.1,5924.725644,0.052303,1569.92,2740.0,29725.821674,13370.786555,10019.638695,3006.792835,tank
1,0.05,0.15,7376.778062,0.01792,2060.16,3830.0,42688.567133,15820.847689,13869.208055,4834.978238,tank
2,0.1,0.2,8513.126434,0.017295,2223.93,4830.0,42747.833775,14688.164964,13440.088159,5408.377371,tank
3,0.15,0.25,9481.107431,0.022921,1984.79,4160.0,42040.527312,13103.073246,9520.925215,4566.71902,tank
4,0.2,0.3,9654.609984,0.017504,2518.01,5900.0,41739.93422,12102.301842,7390.509002,3857.509184,tank
5,0.25,0.35,10086.780593,0.007502,1523.33,2500.0,43497.405699,8835.943336,5257.498521,2693.532445,tank
6,0.3,0.4,11094.030044,0.009169,1539.36,2470.0,46298.616498,8438.549959,5225.395415,2850.706986,tank
7,0.35,0.45,11495.930044,0.006251,1440.44,2240.0,46993.438206,8801.695101,5026.460479,2675.079201,tank
8,0.4,0.5,11501.986832,0.005418,1730.59,2960.0,45460.039673,11858.288535,7370.988694,3388.997934,tank
9,0.45,0.55,11886.694133,0.00896,1938.59,3520.0,53620.706553,15649.914355,9483.112145,4812.980661,tank
10,0.5,0.6,11764.255281,0.011669,2109.58,3870.0,54600.162857,22543.053614,12449.49976,6070.599613,tank
11,0.55,0.65,10149.51615,0.019171,1444.87,2790.0,52392.306064,21893.016148,15903.182911,5163.109283,tank
12,0.6,0.7,8612.035748,0.024172,1859.66,3460.0,46836.458002,24218.327202,19800.512409,6618.136606,tank
13,0.65,0.75,7850.556827,0.019171,1592.32,3150.0,46646.022891,25534.287363,20903.477587,6607.626246,tank
14,0.7,0.8,6870.125823,0.026464,2565.61,4920.0,43117.589676,27535.932839,22397.346565,8450.529029,tank
15,0.75,0.85,7034.031766,0.027089,1997.23,3880.0,38629.08503,26988.92058,21960.565436,7487.012615,tank
16,0.8,0.9,8123.174534,0.018546,2249.34,4110.0,42398.962058,26263.001069,16018.601941,6724.840244,tank
17,0.85,0.95,8337.874821,0.017295,1998.91,3690.0,34337.613679,21400.053233,14640.802558,5428.005238,tank
18,0.9,1.0,7390.779509,0.011669,1397.63,2760.0,33786.499806,16030.633269,10299.723086,3613.629992,tank
19,0.95,1.05,6761.625875,0.016879,1983.69,3660.0,36270.062692,16358.720504,12448.989586,4550.191359,tank
20,1.0,1.1,9543.866485,0.022088,2518.06,4570.0,47429.364959,21827.068413,21129.848293,7236.113998,tank
21,1.05,1.15,11992.342792,0.014586,2023.45,3360.0,55823.037685,30671.254262,23312.156433,6748.521729,tank
22,1.1,1.2,11529.910222,0.013336,2059.67,3360.0,54019.382983,30478.684899,23928.592379,6272.582157,tank
23,1.15,1.25,11124.517506,0.014795,2938.3,5780.0,53610.364833,29814.475872,25338.520951,9609.925462,tank
24,1.2,1.3,11316.040222,0.012711,2477.41,4420.0,55340.44003,30487.260486,23128.945097,7943.29877,tank
25,1.25,1.35,9739.821945,0.016253,1969.47,3630.0,44856.426164,26794.238853,18021.381632,6061.630496,tank
26,1.3,1.4,8861.544065,0.016045,2370.94,4260.0,49042.127051,31152.250902,18112.527965,7637.660234,tank
27,1.35,1.45,8893.146928,0.016879,1782.72,3160.0,52129.105488,28784.490808,17298.020572,6092.650342,tank
28,1.4,1.5,8215.044569,0.02438,1915.32,3720.0,42977.767588,30080.803781,24710.126255,7328.18286,tank
29,1.45,1.55,7788.068799,0.025422,1862.12,3710.0,42097.643144,30229.234057,26616.632385,7774.57145,tank
30,1.5,1.6,7805.480056,0.024172,1941.46,3700.0,42284.964455,27886.964298,24387.543572,7458.709626,tank
31,1.55,1.65,8858.031711,0.020838,1590.91,3080.0,50624.480585,26710.937968,21126.948154,6347.968235,tank
32,1.6,1.7,9214.021048,0.02438,2190.43,4210.0,48731.220986,29938.767039,23797.293479,8335.109842,tank
33,1.65,1.75,9921.071718,0.029173,1770.81,3620.0,49631.650127,30705.300429,27564.51121,8516.712325,tank
34,1.7,1.8,10046.056559,0.025422,1751.06,3390.0,52480.126991,27234.751628,26540.271183,7791.541647,tank
35,1.75,1.85,8092.390812,0.021463,1836.36,3280.0,44223.821424,23867.778737,18401.438098,5832.656515,tank
36,1.8,1.9,6603.68484,0.019796,1810.25,3220.0,34995.519892,17660.023814,13397.988204,4051.744863,tank
37,1.85,1.95,7795.083662,0.01667,1349.92,2740.0,43694.563317,20772.780512,14908.579409,4145.264929,tank
38,1.9,2.0,7918.711025,0.013961,2280.75,4460.0,38647.351347,18439.287873,11087.778585,4784.851776,tank
39,1.95,2.05,7431.293721,0.012294,1869.09,3380.0,40431.237093,18178.091455,8879.041128,3684.754387,tank
40,2.0,2.1,7464.160854,0.011044,1720.66,3050.0,40295.87869,19371.60419,9316.01393,3877.642255,tank
41,2.05,2.15,7396.468702,0.017712,1774.1,3280.0,39171.806127,20972.211495,10935.502849,4257.213061,tank
42,2.1,2.2,7327.468505,0.021254,2205.66,3950.0,39636.500773,20407.867753,16479.618003,5217.274263,tank
43,2.15,2.25,7504.643014,0.020213,2439.23,4470.0,40674.963375,24749.903877,19508.209573,6277.575121,tank
44,2.2,2.3,7782.920713,0.016045,2417.8,4480.0,45114.107801,25175.371309,14120.370038,6456.063875,tank
45,2.25,2.35,7811.170038,0.018754,1902.48,3370.0,39306.70916,19139.827552,16166.628817,5509.142853,tank
46,2.3,2.4,8478.248596,0.018546,2069.19,3780.0,44216.900662,20891.197184,17646.87522,5862.016165,tank
47,2.35,2.45,9138.88247,0.01417,2005.98,3680.0,47579.889802,24169.550878,16606.14312,5502.243326,tank
48,2.4,2.5,8120.961781,0.019587,1668.16,3130.0,42706.332374,23400.19445,16947.832886,4888.920746,tank
49,2.45,2.55,7165.236588,0.019796,2636.91,4980.0,37992.18582,22635.477212,15545.69991,6291.853728,tank
50,2.5,2.6,9366.159913,0.022088,1705.8,3100.0,49828.060983,26031.058451,20412.963752,6400.905301,tank
51,2.55,2.65,11180.407643,0.024172,1687.7,3440.0,56839.192648,28447.670178,28225.797492,8342.653148,tank
52,2.6,2.7,10249.995645,0.024172,1979.93,3810.0,52587.128675,32079.178762,28523.739046,8803.405153,tank
53,2.65,2.75,9026.136006,0.023755,1654.24,3340.0,50461.054516,28178.996779,21865.441181,7434.815811,tank
54,2.7,2.8,8628.997213,0.023755,1670.64,3340.0,48444.058296,29895.596613,21732.378756,6798.684023,tank
55,2.75,2.85,8730.022654,0.026255,1924.24,3700.0,47909.734206,30940.30825,28609.264622,8466.674205,tank
56,2.8,2.9,9073.360779,0.030631,2290.34,4220.0,50369.164535,33636.263458,31471.549488,9756.845904,tank
57,2.85,2.95,9377.332195,0.024172,1555.05,3220.0,54207.182548,34381.151292,23264.899561,7400.003386,tank
58,2.9,3.0,10002.445734,0.017504,1519.89,2940.0,57209.118581,32978.673642,19375.890573,6678.186927,tank
59,2.95,3.05,9857.716821,0.016045,2032.2,3700.0,49089.593835,32764.754904,18769.264506,7265.84267,tank
60,3.0,3.1,10285.124734,0.014378,2337.33,4110.0,56412.934502,28192.48101,20108.363631,7449.648301,tank
61,3.05,3.15,10895.862961,0.018129,2449.85,4170.0,50800.610937,30547.704673,25556.095503,7509.13395,tank
62,3.1,3.2,11376.797713,0.013336,1490.86,2820.0,51501.636584,25835.967269,21084.504649,5144.768663,tank
63,3.15,3.25,11453.154412,0.010002,1954.44,3270.0,55197.210708,27898.594284,22290.71053,6159.170268,tank
64,3.2,3.3,10932.987013,0.013128,1753.94,3110.0,55099.723021,27155.933182,22771.445017,6313.819125,tank
65,3.25,3.35,8327.139364,0.021254,1687.83,2960.0,42316.628569,18265.45123,18027.994811,4934.743077,tank
66,3.3,3.4,6234.27759,0.017504,1926.02,3520.0,33071.431982,15063.455039,8779.78543,3925.043464,tank
67,3.35,3.45,6847.389745,0.009794,1837.63,3210.0,40805.631624,13460.010295,6905.864821,3676.711041,tank
68,3.4,3.5,6631.500868,0.010002,1469.66,2750.0,36119.82649,15262.732155,7461.522614,2984.129412,tank
69,3.45,3.55,7339.967007,0.011461,2135.46,3900.0,38765.263468,15661.781854,8388.593722,3777.76683,tank
70,3.5,3.6,7180.88178,0.013961,1783.6,3320.0,41396.141778,17770.332006,10703.462214,3894.099698,tank
71,3.55,3.65,7088.320035,0.015212,2184.44,3770.0,44104.705349,24399.99744,15456.68392,5667.749821,tank
72,3.6,3.7,7102.509574,0.018546,2034.2,3480.0,39697.175171,21991.492795,17186.977334,4962.737894,tank
73,3.65,3.75,6690.10624,0.020421,1979.22,3500.0,34329.895835,19500.448219,14408.273206,4348.106432,tank
74,3.7,3.8,6993.719271,0.017504,1882.75,3480.0,38143.693093,19998.405607,10405.725437,4284.197053,tank
75,3.75,3.85,7420.06726,0.010002,1650.97,3020.0,40830.833468,19380.075107,10024.328743,3926.170496,tank
76,3.8,3.9,7555.269561,0.009585,1447.86,2800.0,42975.118287,17779.185594,8666.802552,3354.72922,tank
77,3.85,3.95,8002.868317,0.011044,2501.75,5010.0,39689.055015,20960.377519,11525.245911,5419.253107,tank
78,3.9,4.0,8167.988154,0.018129,1600.57,2980.0,44839.582716,22100.792457,15967.721686,4530.650512,tank
79,3.95,4.05,9447.675829,0.020629,2016.33,3560.0,58931.008361,25052.287761,18144.15215,6317.684832,tank
80,4.0,4.1,9941.728126,0.02188,1924.54,3690.0,56880.906458,35703.325279,22664.834665,8156.408912,tank
81,4.05,4.15,9151.41501,0.029173,1993.53,3840.0,49459.095606,35461.580417,32523.699696,9645.335895,tank
82,4.1,4.2,9244.653634,0.024588,1886.59,3620.0,51446.128262,33741.4295,29217.181488,8940.538905,tank
83,4.15,4.25,9050.119618,0.021254,1735.8,3480.0,49919.030716,31896.075565,23047.258177,7315.405638,tank
84,4.2,4.3,9410.98557,0.023963,2129.56,3920.0,52471.145316,29018.443032,23880.310315,8056.805542,tank
85,4.25,4.35,10255.050514,0.027297,2349.11,4460.0,53644.182808,32418.50638,28881.724245,9385.465467,tank
86,4.3,4.4,11103.923847,0.02313,2135.83,4090.0,55405.679174,29694.703452,28506.773061,9123.993166,tank
87,4.35,4.45,9351.73502,0.020838,1590.78,3020.0,49028.93835,25221.798547,20004.127138,6340.273946,tank
88,4.4,4.5,6600.588301,0.021254,1470.31,2760.0,34259.724914,20730.284317,15288.164614,4270.276932,tank
89,4.45,4.55,7616.369962,0.017504,1622.77,3000.0,42859.08306,20884.508269,15236.597778,4279.309154,tank
90,4.5,4.6,8196.129805,0.013961,2080.73,3820.0,43819.699722,21722.984837,14224.447587,4899.919154,tank
91,4.55,4.65,8027.13144,0.011461,2618.59,5420.0,44215.107671,18756.781492,10988.777411,5533.301548,tank
92,4.6,4.7,7372.413672,0.012086,1717.8,3110.0,38949.25673,17447.401829,8713.480417,3393.013534,tank
93,4.65,4.75,7392.077935,0.011877,2234.66,4070.0,40296.576623,20846.470676,11475.014218,5144.421366,tank
94,4.7,4.8,7435.626461,0.021463,2087.11,3680.0,40768.274195,22021.762006,17090.254037,5250.663189,tank
95,4.75,4.85,7407.821972,0.024588,1569.48,2990.0,38341.112771,22761.692975,17177.662566,5093.528934,tank
96,4.8,4.9,7775.952234,0.016879,2186.18,3760.0,42502.210974,25079.623378,15610.064634,5814.083685,tank
97,4.85,4.95,7779.723241,0.01667,1465.77,2780.0,43682.285342,19580.196807,16190.284178,4803.706866,tank
0,0.0,0.1,2.598557,0.004584,3086.92,7600.0,13.708266,3.368996,2.515219,1.979467,helicopter
1,0.05,0.15,9.13374,0.004376,2251.61,4860.0,45.526923,8.028561,3.594983,3.908205,helicopter
2,0.1,0.2,15.840757,0.002709,2050.85,3730.0,75.663368,11.126926,5.392661,5.418757,helicopter
3,0.15,0.25,25.956474,0.001667,2217.82,4390.0,107.14013,21.313139,10.837271,8.911565,helicopter
4,0.2,0.3,40.771888,0.00125,1490.94,1290.0,170.611298,17.571237,8.434887,7.268161,helicopter
5,0.25,0.35,61.01885,0.002084,952.98,510.0,271.745145,24.720469,6.686421,5.616455,helicopter
6,0.3,0.4,82.882689,0.002292,1354.22,1180.0,363.674715,41.799996,18.966942,14.640741,helicopter
7,0.35,0.45,101.119507,0.001459,2160.71,4190.0,455.999961,78.110645,46.821895,36.686187,helicopter
8,0.4,0.5,128.394376,0.00125,1923.65,3230.0,551.910067,90.472567,48.920405,37.869579,helicopter
9,0.45,0.55,169.776841,0.002084,1235.17,1070.0,747.419114,95.539211,37.86966,27.866694,helicopter
10,0.5,0.6,213.35977,0.002292,1745.72,2510.0,996.472054,153.7931,77.523919,59.328465,helicopter
11,0.55,0.65,257.993393,0.001875,2494.16,5490.0,1235.743142,259.744319,160.832223,124.915862,helicopter
12,0.6,0.7,285.54952,0.002917,1808.54,2740.0,1201.638254,200.934875,98.303449,75.811577,helicopter
13,0.65,0.75,339.389125,0.002917,1958.88,3350.0,1381.96238,265.111983,128.016427,99.209514,helicopter
14,0.7,0.8,421.835875,0.002501,819.16,760.0,1691.91247,266.658184,51.080996,36.463415,helicopter
15,0.75,0.85,506.982965,0.002084,439.76,630.0,1940.322799,345.074929,31.399653,13.368159,helicopter
16,0.8,0.9,585.066157,0.00125,932.54,850.0,2363.913936,433.284818,91.132827,60.527531,helicopter
17,0.85,0.95,661.374606,0.001459,1956.01,3280.0,2836.517472,604.039338,276.269942,205.62788,helicopter
18,0.9,1.0,772.409749,0.002292,1928.33,3180.0,3449.419824,639.030606,302.63546,240.460317,helicopter
19,0.95,1.05,876.47633,0.002084,1843.94,2910.0,3863.419083,608.932929,321.219104,249.409087,helicopter
20,1.0,1.1,992.094115,0.001667,838.86,630.0,4239.89719,538.623316,131.309976,96.222263,helicopter
21,1.05,1.15,1108.168188,0.002501,1329.2,1190.0,4804.083051,789.190032,267.735968,202.330657,helicopter
22,1.1,1.2,1212.909176,0.002501,1149.33,950.0,5019.427318,802.987483,247.426214,173.63143,helicopter
23,1.15,1.25,1362.08858,0.002709,2745.02,6410.0,6593.257577,1631.167932,1014.210249,783.363688,helicopter
24,1.2,1.3,1547.837261,0.002292,1413.66,1490.0,7014.78005,1087.944079,435.389787,313.83677,helicopter
25,1.25,1.35,1610.556845,0.001667,502.51,640.0,6581.914688,1155.250834,212.116953,56.454184,helicopter
26,1.3,1.4,1751.31253,0.001667,524.05,570.0,7147.068266,1189.807783,209.874603,70.616485,helicopter
27,1.35,1.45,1880.026794,0.001459,2898.43,6940.0,8509.379202,2423.264283,1452.378743,1122.791506,helicopter
28,1.4,1.5,1968.763777,0.001875,2221.0,4300.0,8394.543617,2059.736738,961.16282,734.057928,helicopter
29,1.45,1.55,2246.610397,0.002501,791.01,850.0,9522.153852,1853.568418,307.791875,187.635661,helicopter
30,1.5,1.6,2466.665778,0.002917,903.3,960.0,9660.644209,2134.622959,393.504079,233.630237,helicopter
31,1.55,1.65,2804.892192,0.003334,371.69,740.0,11596.937173,2795.170253,312.93862,45.387696,helicopter
32,1.6,1.7,3197.405908,0.003126,1760.1,2390.0,13274.141751,3566.798577,1160.903943,845.27945,helicopter
33,1.65,1.75,3211.048034,0.003126,1460.56,1720.0,13896.280922,2776.266274,1027.385205,659.810509,helicopter
34,1.7,1.8,3154.519389,0.003334,1753.16,2400.0,13540.433006,2983.966771,1060.568187,836.624331,helicopter
35,1.75,1.85,3614.626285,0.003334,2081.58,3730.0,17141.66528,4153.374887,1811.829339,1369.073275,helicopter
36,1.8,1.9,3975.955978,0.002917,506.57,740.0,17937.389239,4002.775408,393.077823,155.930668,helicopter
37,1.85,1.95,4206.255994,0.002501,1665.78,2050.0,19467.855511,4597.78769,1511.814395,1126.754013,helicopter
38,1.9,2.0,4348.025155,0.002501,1183.25,1160.0,19666.936424,4009.159071,987.088183,697.440753,helicopter
39,1.95,2.05,4539.255589,0.001875,2354.85,4780.0,21032.603319,5773.968726,2642.545218,2022.350248,helicopter
40,2.0,2.1,4694.534128,0.001875,2481.76,5210.0,19723.029253,6416.700655,2782.831535,2103.786531,helicopter
41,2.05,2.15,4986.143278,0.003334,586.2,910.0,19562.328569,5532.814104,768.658838,194.003802,helicopter
42,2.1,2.2,5547.687053,0.003334,713.25,870.0,22448.05376,5652.930811,808.205441,365.163516,helicopter
43,2.15,2.25,5933.198569,0.002709,1967.68,3200.0,25802.572511,6626.955313,2571.198619,1904.793897,helicopter
44,2.2,2.3,5861.090262,0.002709,2006.85,3320.0,24812.976429,6782.774225,2608.664944,1897.702697,helicopter
45,2.25,2.35,6432.600646,0.001667,1722.35,2250.0,25994.695656,7806.00098,2296.040638,1635.571982,helicopter
46,2.3,2.4,7060.606581,0.001667,939.1,1010.0,28120.448983,8685.381449,1219.348653,712.042862,helicopter
47,2.35,2.45,6847.979311,0.001667,1228.01,1380.0,27300.400548,8517.856691,1715.381443,1027.252045,helicopter
48,2.4,2.5,7633.268815,0.002501,522.27,830.0,30976.906885,9010.355143,1163.967002,234.142415,helicopter
49,2.45,2.55,8076.230348,0.003126,1592.6,1850.0,33573.327446,9138.742943,2545.441204,1883.534266,helicopter
50,2.5,2.6,7589.506588,0.001875,2266.14,4370.0,33714.531094,10761.419963,4056.061933,3149.458768,helicopter
51,2.55,2.65,8355.871293,0.001667,1398.6,1540.0,35536.629543,9212.934215,2432.622981,1626.444383,helicopter
52,2.6,2.7,8672.807297,0.002084,926.75,1140.0,37366.771918,9183.650498,1698.85242,907.913132,helicopter
53,2.65,2.75,8956.293068,0.002084,532.67,880.0,37084.723716,8806.462513,1470.630936,314.185725,helicopter
54,2.7,2.8,9804.627548,0.002709,2683.08,6080.0,46353.417343,14564.019352,7241.041882,5541.901832,helicopter
55,2.75,2.85,10000.955091,0.003542,2591.68,5650.0,49619.295268,16618.460022,7412.55384,5669.888348,helicopter
56,2.8,2.9,10082.040296,0.004168,843.76,1110.0,41931.894492,13372.851388,2080.899725,827.892462,helicopter
57,2.85,2.95,9733.519223,0.003334,1695.19,2040.0,44077.52494,15755.734533,3973.929027,2710.852877,helicopter
58,2.9,3.0,10029.740705,0.002501,1263.74,1310.0,43290.439057,16134.679933,2993.472042,1709.704417,helicopter
59,2.95,3.05,10316.411138,0.003751,2050.06,3350.0,45984.333779,17431.68031,5156.077703,3827.672318,helicopter
60,3.0,3.1,10642.157816,0.003751,1004.54,1120.0,46332.018232,17112.098875,2412.828564,1294.919496,helicopter
61,3.05,3.15,11865.841322,0.003959,2202.7,4010.0,54630.484621,20096.459223,6707.838171,5020.355099,helicopter
62,3.1,3.2,11470.241336,0.004376,1776.71,2280.0,46035.61887,20336.214777,5039.785972,3201.920963,helicopter
63,3.15,3.25,11289.825446,0.002501,1014.91,1220.0,44509.212351,16905.664331,2587.897952,1237.437996,helicopter
64,3.2,3.3,12406.72001,0.002501,1035.43,1040.0,52351.143563,13163.897514,2420.357793,1534.575415,helicopter
65,3.25,3.35,12299.710812,0.003542,2252.69,4210.0,58666.261958,18841.038144,7689.714317,5395.901249,helicopter
66,3.3,3.4,11791.265332,0.003126,1964.21,2950.0,53062.650643,20649.434691,5448.046652,4146.10361,helicopter
67,3.35,3.45,12175.63136,0.003751,1425.8,1460.0,58444.120497,19202.919783,4099.42205,2793.900107,helicopter
68,3.4,3.5,13220.201113,0.003334,679.67,1040.0,58345.148108,22171.880105,2553.121921,737.860264,helicopter
69,3.45,3.55,13646.013943,0.002709,2260.04,4080.0,60160.836357,28232.282298,8146.312497,6008.918667,helicopter
70,3.5,3.6,13587.196356,0.002709,1999.62,2950.0,53995.125791,26211.442447,6320.630968,4504.328784,helicopter
71,3.55,3.65,13902.588332,0.002917,2437.29,4820.0,56835.612758,26968.630824,8583.625754,6375.192631,helicopter
72,3.6,3.7,15139.758136,0.004168,1984.19,3030.0,68518.81013,27436.699947,7613.240519,5469.325136,helicopter
73,3.65,3.75,14500.698727,0.005001,970.98,1140.0,60369.004545,26790.048887,3339.025158,1572.618244,helicopter
74,3.7,3.8,13503.107648,0.005001,1696.94,2000.0,59220.422631,26158.50877,5756.342245,3756.226708,helicopter
75,3.75,3.85,15067.946518,0.005001,1012.37,1270.0,66281.861392,28591.941261,4547.516491,1807.586143,helicopter
76,3.8,3.9,15435.408724,0.006043,1889.01,2630.0,71265.520715,28425.151103,7977.253394,5225.699356,helicopter
77,3.85,3.95,15936.228116,0.005626,2170.25,3670.0,71397.107067,27964.366607,9613.439994,6395.126144,helicopter
78,3.9,4.0,16589.379436,0.003334,1050.64,1300.0,68989.368299,28859.876541,5150.353602,1989.365085,helicopter
79,3.95,4.05,17239.548607,0.002084,456.45,800.0,79865.751721,25355.379187,3201.005764,393.593648,helicopter
80,4.0,4.1,16961.249658,0.002709,1653.81,1880.0,78626.481694,30327.153183,6864.97421,4722.802387,helicopter
81,4.05,4.15,15703.383961,0.003959,1825.72,2310.0,76315.573065,33981.260248,7759.145933,5415.731748,helicopter
82,4.1,4.2,15738.309528,0.004584,1577.33,1760.0,73712.217035,35062.574832,6876.98857,4211.586108,helicopter
83,4.15,4.25,16478.163382,0.005418,577.82,1060.0,80862.117011,37831.578871,4448.535408,558.531569,helicopter
84,4.2,4.3,16337.876992,0.004584,753.52,1100.0,75126.885403,36022.580741,4603.923378,1090.813309,helicopter
85,4.25,4.35,15341.939259,0.003959,2081.77,3260.0,78530.387223,37662.714255,10039.323503,6943.458375,helicopter
86,4.3,4.4,14905.079799,0.005209,1886.59,2430.0,74352.538209,41121.696342,8606.340901,5815.529906,helicopter
87,4.35,4.45,15250.313353,0.005418,706.95,1100.0,75243.036676,39489.952705,4962.773111,882.907831,helicopter
88,4.4,4.5,15855.132268,0.005835,1537.57,1740.0,73096.773604,42410.218243,7813.055217,4141.433284,helicopter
89,4.45,4.55,16615.377115,0.005001,1310.77,1500.0,74498.894609,36727.168254,7159.72106,3142.360243,helicopter
90,4.5,4.6,16729.688911,0.005418,1740.48,2180.0,79066.934468,38094.977645,9215.171094,5332.332613,helicopter
91,4.55,4.65,16204.576438,0.005418,963.18,1450.0,72779.134433,42277.250763,6474.122032,1917.753954,helicopter
92,4.6,4.7,15436.238574,0.005835,854.91,1310.0,71920.785055,45804.033804,5625.310377,1400.451006,helicopter
93,4.65,4.75,16116.449538,0.007293,1566.54,1610.0,84598.838942,42367.260901,6312.680418,4771.990292,helicopter
94,4.7,4.8,17042.616222,0.005835,1577.99,1750.0,89078.83037,35335.732958,7437.694869,4939.599566,helicopter
95,4.75,4.85,17006.741102,0.005835,590.89,1080.0,80798.554644,38629.651299,4965.764554,583.46702,helicopter
96,4.8,4.9,17151.18382,0.00771,1702.91,2030.0,86290.760247,49763.931153,10164.053565,5719.296329,helicopter
97,4.85,4.95,15975.373151,0.007293,1211.34,1490.0,83630.483315,56242.829138,8789.901599,3141.864314,helicopter
98,4.9,5.0,15714.316501,0.005835,1323.47,1670.0,78722.585875,48049.006169,9527.305203,3392.821778,helicopter
99,4.95,5.05,15564.970564,0.009585,1170.37,1470.0,81591.956158,47099.065334,7758.140147,2783.623493,helicopter
100,5.0,5.1,14682.352529,0.011252,1081.9,1390.0,77679.055845,50099.785908,7097.244163,2343.03787,helicopter
101,5.05,5.15,14626.239751,0.009169,1082.06,1410.0,67853.004972,58412.72703,8289.342621,2081.564071,helicopter
102,5.1,5.2,15046.846711,0.006876,1618.39,1940.0,84508.468768,61122.530146,10986.019521,5381.66493,helicopter
103,5.15,5.25,17501.808997,0.00646,1593.49,1830.0,96949.580255,62943.807503,11592.062222,5894.245228,helicopter
104,5.2,5.3,18375.070468,0.005835,680.61,1140.0,91795.743332,56611.546772,7648.717764,1380.549574,helicopter
105,5.25,5.35,17893.951103,0.005835,631.5,1150.0,87724.32685,49902.851164,6083.94093,955.482742,helicopter
106,5.3,5.4,17520.878536,0.007918,701.03,1210.0,91524.584449,59477.744804,8142.900477,1119.38348,helicopter
107,5.35,5.45,17467.634684,0.005835,749.36,1350.0,93554.601073,54886.969722,8739.802608,1324.122645,helicopter
108,5.4,5.5,15674.133273,0.005209,2057.98,2970.0,79471.575939,50758.179994,12180.227457,7198.963169,helicopter
109,5.45,5.55,12831.5989,0.00646,1708.2,1980.0,65562.084811,49166.594401,8627.35448,4532.334162,helicopter
110,5.5,5.6,13417.939864,0.008335,708.85,1220.0,70432.473356,50166.80114,8382.078206,874.329556,helicopter
111,5.55,5.65,14337.349128,0.010836,1080.14,1470.0,82579.030957,61833.228963,10068.603778,2384.978185,helicopter
112,5.6,5.7,14379.756901,0.009794,1673.31,1940.0,84033.562842,65781.007649,11347.423999,5659.130087,helicopter
113,5.65,5.75,14907.108448,0.00896,1461.15,1640.0,84506.503073,59666.434656,8695.477283,4408.259704,helicopter
114,5.7,5.8,16064.33604,0.009169,1470.77,1760.0,84588.217338,55078.582326,10348.800667,4383.918734,helicopter
115,5.75,5.85,17427.07263,0.006668,1898.55,2420.0,85875.792204,56259.060339,12637.07382,6907.35418,helicopter
116,5.8,5.9,16087.389656,0.006876,1741.85,2120.0,91010.916773,54314.484221,11302.207924,6286.458976,helicopter
117,5.85,5.95,12676.417942,0.011252,1960.48,2460.0,70662.505944,61403.931054,11229.430961,6533.832612,helicopter
118,5.9,6.0,11913.921873,0.013544,831.64,1400.0,72498.555547,59190.59425,8456.077899,1199.30202,helicopter
119,5.95,6.05,13579.032974,0.011044,1090.52,1450.0,81179.373986,57404.791337,9845.781873,2356.058012,helicopter
120,6.0,6.1,13869.558755,0.008543,973.48,1390.0,78085.701526,60932.146056,9898.149404,1827.826593,helicopter
121,6.05,6.15,12157.04058,0.010002,1203.21,1570.0,61408.19196,75905.356808,10812.737537,2422.865473,helicopter
122,6.1,6.2,11023.691914,0.012086,1066.08,1480.0,63021.04752,69014.606513,9801.606125,1840.532625,helicopter
123,6.15,6.25,10736.792305,0.010627,1440.96,1720.0,64996.003283,48288.879144,8737.130817,3272.731472,helicopter
124,6.2,6.3,11721.804462,0.009585,887.01,1250.0,68153.683145,46545.079919,6346.810749,1337.339129,helicopter
125,6.25,6.35,12324.051841,0.011044,793.01,1300.0,74071.868238,64707.737817,7922.795505,1207.419952,helicopter
126,6.3,6.4,12135.8143,0.011044,1286.1,1650.0,74673.284248,65045.790724,10528.462143,3366.5333,helicopter
127,6.35,6.45,10674.094105,0.011877,1042.05,1540.0,65225.739282,66160.375404,9629.735618,1822.792106,helicopter
128,6.4,6.5,12025.692935,0.012503,1443.82,1730.0,76348.81127,73733.262378,12091.785866,3954.092915,helicopter
129,6.45,6.55,13483.743172,0.011877,1329.1,1650.0,77976.949919,70300.569125,11834.963028,3415.85493,helicopter
130,6.5,6.6,12797.331093,0.012919,1616.68,1910.0,80111.57951,68507.45222,12172.216697,5306.222539,helicopter
131,6.55,6.65,12053.353867,0.01417,815.26,1320.0,72707.397197,66580.822898,8526.596466,1244.638281,helicopter
132,6.6,6.7,10955.063857,0.014378,1726.37,1960.0,73163.746833,72556.962447,11190.105666,5502.50235,helicopter
133,6.65,6.75,10032.540342,0.017087,1241.89,1690.0,62331.126357,70757.684695,10527.375381,2425.528506,helicopter
134,6.7,6.8,9144.086906,0.020004,1776.74,2120.0,60682.481695,68584.58052,13124.336436,4985.5839,helicopter
135,6.75,6.85,8940.715768,0.016879,1138.4,1680.0,62080.480184,66972.43833,11228.795093,1937.220604,helicopter
136,6.8,6.9,9220.640664,0.015003,1422.94,1800.0,58180.45541,71821.017173,11718.981308,3160.848865,helicopter
137,6.85,6.95,9232.09845,0.01667,1659.43,1920.0,55879.922812,79958.934519,11815.19923,4615.1539,helicopter
138,6.9,7.0,9582.801599,0.016045,2745.74,5350.0,61189.054437,68892.559115,17536.251903,11438.323874,helicopter
139,6.95,7.05,9376.187249,0.012711,2128.74,2970.0,62423.854073,57806.080488,11966.344744,6673.077488,helicopter
140,7.0,7.1,10578.403802,0.011044,2627.07,4840.0,66424.220493,65881.905542,15892.459383,10231.429002,helicopter
141,7.05,7.15,11365.165208,0.010419,825.09,1430.0,69034.782346,65528.212612,8663.712578,1103.742504,helicopter
142,7.1,7.2,10762.818003,0.012503,810.83,1370.0,72615.375272,62232.290275,9119.689625,1096.182297,helicopter
143,7.15,7.25,11056.005904,0.015837,1033.05,1580.0,68519.770074,77764.928608,12337.724623,2096.211566,helicopter
144,7.2,7.3,11599.821406,0.012503,1218.69,1720.0,72507.389164,74562.32644,12566.215689,2926.343291,helicopter
145,7.25,7.35,11831.369959,0.012503,1346.86,1750.0,75019.904496,73457.73221,12796.288743,3598.820737,helicopter
146,7.3,7.4,10913.930147,0.015628,1809.75,2240.0,66685.061269,77827.98002,14139.688969,5917.619133,helicopter
147,7.35,7.45,9693.244822,0.017712,1784.98,2250.0,67579.68463,67786.512565,14452.756921,5384.905153,helicopter
148,7.4,7.5,11208.276059,0.017087,1190.43,1540.0,79840.382329,69033.498253,12283.682386,2733.490797,helicopter
149,7.45,7.55,11125.616484,0.016253,848.01,1340.0,73923.172563,65093.636141,9234.437176,1293.331789,helicopter
150,7.5,7.6,10224.396278,0.016045,1735.24,2060.0,60461.849563,73358.636096,12407.974308,4876.555211,helicopter
151,7.55,7.65,12034.959155,0.013128,1224.25,1670.0,72155.118333,80459.068869,11615.98057,2939.611906,helicopter
152,7.6,7.7,11410.093486,0.013753,1201.3,1670.0,72045.88089,73403.190108,12024.43207,3023.121218,helicopter
153,7.65,7.75,10668.733697,0.012919,1954.53,2490.0,68989.347981,72531.31279,14561.617443,6940.953821,helicopter
154,7.7,7.8,10924.492768,0.011877,1507.9,1820.0,72292.330989,58872.941905,10607.911895,3895.247217,helicopter
155,7.75,7.85,10287.209173,0.014378,2436.59,4030.0,59115.925036,59831.775964,15035.028372,8290.169894,helicopter
156,7.8,7.9,11480.317556,0.015212,1865.32,2300.0,73246.85937,77407.504897,14718.34379,6578.039972,helicopter
157,7.85,7.95,11190.709037,0.01667,1017.47,1490.0,72063.335468,74411.047748,11952.084997,1876.668725,helicopter
158,7.9,8.0,8471.726138,0.020629,1458.63,1820.0,54019.411576,66857.346884,10831.730028,3076.78944,helicopter
159,7.95,8.05,7541.685362,0.021046,949.16,1480.0,49396.775245,59465.344353,8617.646919,971.297423,helicopter
160,8.0,8.1,8238.730424,0.019587,1046.48,1510.0,55510.586472,69132.693022,11152.232289,1356.269934,helicopter
161,8.05,8.15,10236.085744,0.017087,887.34,1500.0,68352.601604,74244.888117,11697.652624,1147.502226,helicopter
162,8.1,8.2,12039.505874,0.013336,813.8,1440.0,76634.165515,69590.029137,9398.149615,1087.751892,helicopter
163,8.15,8.25,12071.5663,0.015212,1534.24,1780.0,74769.921517,71840.352339,11035.839087,4593.503481,helicopter
164,8.2,8.3,10786.670457,0.017087,1037.5,1480.0,65488.710402,74554.444116,10157.39426,1927.996467,helicopter
165,8.25,8.35,9968.237514,0.015837,1315.02,1680.0,56607.896721,80280.800023,11888.109873,2859.599412,helicopter
166,8.3,8.4,10183.964735,0.014795,1030.04,1470.0,64195.042231,76783.964571,9658.947726,1805.839617,helicopter
167,8.35,8.45,10075.386586,0.015003,858.65,1550.0,69218.295262,65732.571168,11960.881671,1065.501556,helicopter
168,8.4,8.5,10132.309518,0.014795,1150.47,1780.0,62642.416643,64007.544094,13483.078157,1985.487097,helicopter
169,8.45,8.55,10380.708289,0.01417,937.32,1470.0,61605.630098,63466.5005,9796.148341,1334.592117,helicopter
170,8.5,8.6,10262.290233,0.013544,1250.46,1570.0,65887.472178,57462.210224,9897.038297,2849.348544,helicopter
171,8.55,8.65,10254.773199,0.013128,1426.67,1780.0,67036.496097,65586.569693,10828.631292,3400.131784,helicopter
172,8.6,8.7,9734.770907,0.014586,1201.75,1670.0,59397.52233,76951.973918,10786.905915,2204.27906,helicopter
173,8.65,8.75,9062.228882,0.017087,1008.41,1500.0,52379.588753,66647.784101,9114.996562,1384.652786,helicopter
174,8.7,8.8,9981.661421,0.016879,967.33,1410.0,63774.251716,69125.64688,10471.223618,1558.9193,helicopter
175,8.75,8.85,10261.63579,0.016879,961.81,1420.0,65777.632276,73395.906472,10838.108103,1560.796644,helicopter
176,8.8,8.9,9387.520813,0.018754,975.86,1440.0,59934.624611,74754.608374,9882.371541,1327.23286,helicopter
177,8.85,8.95,9457.906494,0.016879,1473.42,1750.0,56178.12006,75854.014699,11345.241412,3383.597646,helicopter
178,8.9,9.0,11006.685295,0.015212,1466.15,1740.0,70848.821404,73236.471631,11368.690683,3982.047604,helicopter
179,8.95,9.05,10576.984747,0.017712,1820.14,2190.0,63660.756623,72781.982196,12846.470023,5609.042449,helicopter
180,9.0,9.1,9583.99151,0.017504,1269.74,1610.0,57915.19039,67777.790491,10652.046799,2473.575034,helicopter
181,9.05,9.15,9355.036363,0.016253,1696.4,2030.0,61247.343792,63676.196223,11549.318621,4479.057341,helicopter
182,9.1,9.2,10304.750994,0.014586,1447.71,1730.0,72695.975135,58282.257175,9991.417639,3680.334582,helicopter
183,9.15,9.25,11312.243285,0.012503,1426.31,1730.0,71645.340368,53252.847559,8828.776567,3751.142276,helicopter
184,9.2,9.3,9567.946939,0.015003,1756.56,2060.0,62010.10432,51387.045164,9501.718421,4713.04675,helicopter
185,9.25,9.35,8884.642443,0.014378,1993.69,2630.0,59501.470031,46459.720993,9560.588003,5320.801368,helicopter
186,9.3,9.4,10032.883234,0.013753,1104.48,1450.0,67073.202613,62427.786891,9475.097175,1940.827598,helicopter
187,9.35,9.45,9774.05987,0.013961,1604.14,1940.0,63602.995016,68884.050845,11938.224522,4286.619815,helicopter
188,9.4,9.5,10615.589911,0.011252,987.79,1470.0,69939.813682,51797.553989,8807.250554,1542.788378,helicopter
189,9.45,9.55,10476.778017,0.012711,1785.95,2050.0,71491.818193,55633.869045,9922.061975,5284.098416,helicopter
190,9.5,9.6,9212.291517,0.015003,919.96,1440.0,57894.908478,68174.090217,7709.833557,1068.523915,helicopter
191,9.55,9.65,9951.013567,0.01542,908.39,1450.0,59156.802234,78903.276586,9357.437257,1330.747027,helicopter
192,9.6,9.7,10097.656562,0.016045,990.21,1510.0,61229.06829,75182.101041,10039.985832,1551.360787,helicopter
193,9.65,9.75,9063.211066,0.017087,1219.16,1650.0,58407.825311,60468.922502,9755.527862,2114.550027,helicopter
194,9.7,9.8,7686.084278,0.017087,873.18,1520.0,48936.545255,59620.065873,8808.464021,714.564555,helicopter
195,9.75,9.85,8887.062055,0.014378,1288.62,1630.0,55074.756649,66288.744688,8814.42571,2280.187059,helicopter
196,9.8,9.9,10162.556079,0.013544,1360.05,1710.0,62258.797181,65352.957908,9704.304098,2832.790966,helicopter
197,9.85,9.95,9622.346644,0.017295,1175.11,1620.0,59777.276834,69451.35817,9924.428619,2087.584262,helicopter
198,9.9,10.0,8446.0943,0.01792,829.38,1440.0,54835.449307,59161.968854,8435.189401,971.459465,helicopter
199,9.95,10.05,7781.078802,0.01542,901.03,1330.0,52532.82885,48278.641161,4243.749033,888.349578,helicopter
200,10.0,10.1,8614.457705,0.013128,1651.49,1840.0,58506.795905,52073.47516,7812.263016,4000.640407,helicopter
201,10.05,10.15,11182.412966,0.011461,1449.88,1660.0,61898.417431,58651.619788,8088.382049,3520.389167,helicopter
202,10.1,10.2,10519.741506,0.013961,1336.69,1580.0,63180.216665,55462.988074,7577.684128,3061.846225,helicopter
203,10.15,10.25,7749.170982,0.018962,1635.01,1800.0,51848.053691,53273.425022,7787.677761,3663.351635,helicopter
204,10.2,10.3,8368.445874,0.020004,1028.66,1520.0,53075.971364,61364.145503,8966.772443,1493.56391,helicopter
205,10.25,10.35,8203.778202,0.018337,950.27,1600.0,49375.094046,59989.311328,9816.571307,1277.796412,helicopter
206,10.3,10.4,7760.085935,0.020421,1272.62,1610.0,47879.680816,67491.088995,9752.519803,2037.202584,helicopter
207,10.35,10.45,8727.563767,0.022088,869.09,1460.0,52388.703223,77151.228949,9849.537932,835.467206,helicopter
208,10.4,10.5,9103.679081,0.01667,1018.05,1430.0,58297.601181,61680.050543,8196.115298,1433.72515,helicopter
209,10.45,10.55,8880.239383,0.012086,881.76,1390.0,59295.281461,55222.81788,8210.326166,902.905583,helicopter
210,10.5,10.6,8910.909019,0.015212,1967.23,2500.0,57328.300355,52074.083719,10223.662868,5250.99563,helicopter
211,10.55,10.65,8561.887445,0.016045,1139.94,1460.0,57365.26073,52977.78771,7611.152027,1760.184269,helicopter
212,10.6,10.7,8086.760302,0.01417,1182.4,1500.0,52030.72764,52107.299677,7174.597667,1842.513602,helicopter
213,10.65,10.75,8382.335159,0.013753,1410.43,1600.0,56639.422705,42635.632939,6248.194828,2742.427399,helicopter
214,10.7,10.8,8130.208555,0.013753,859.96,1270.0,53268.522329,41182.868738,5753.574127,783.868723,helicopter
215,10.75,10.85,8057.6873,0.014795,1911.18,2330.0,54885.229656,43649.806644,9309.974335,4803.159095,helicopter
216,10.8,10.9,9007.703514,0.014378,1190.25,1530.0,56138.136,54704.814626,7395.281533,2115.976936,helicopter
217,10.85,10.95,8900.482905,0.016045,1120.62,1360.0,56755.926651,59230.530225,6961.988953,1859.4647,helicopter
218,10.9,11.0,8058.331168,0.018546,1102.77,1590.0,54561.053814,54725.083249,7770.271505,1501.878624,helicopter
219,10.95,11.05,7628.243467,0.017504,1096.09,1620.0,49420.238159,54880.843416,7938.713527,1390.074015,helicopter
220,11.0,11.1,8698.134913,0.017504,1456.83,1610.0,52966.697255,59000.938394,7720.264614,3098.113774,helicopter
221,11.05,11.15,9196.610631,0.017504,1398.35,1590.0,57251.59854,68537.243307,8755.928768,3000.170106,helicopter
222,11.1,11.2,8994.37069,0.015837,1410.66,1600.0,58286.813388,64858.536064,8569.607975,3031.342375,helicopter
223,11.15,11.25,9144.989294,0.01542,1261.69,1580.0,54031.661315,58526.211883,8249.378994,2199.291261,helicopter
224,11.2,11.3,9321.873247,0.014378,1223.08,1540.0,58233.850502,50634.715551,7669.892815,2160.715982,helicopter
225,11.25,11.35,8577.781522,0.014378,1618.29,1760.0,57539.274908,45415.331529,6824.420393,3704.580895,helicopter
226,11.3,11.4,7712.18056,0.015628,1546.28,1730.0,52912.716323,45849.583781,6805.565813,3224.895793,helicopter
227,11.35,11.45,8813.371574,0.01417,773.38,1340.0,47203.107852,51825.276453,5501.283171,541.400779,helicopter
228,11.4,11.5,8395.892661,0.013128,1173.01,1470.0,47790.953321,51117.758009,5627.289046,1795.868698,helicopter
229,11.45,11.55,7098.738124,0.013961,958.33,1420.0,49278.538588,44943.458451,6253.076252,1062.603189,helicopter
230,11.5,11.6,7066.42956,0.018754,1094.52,1490.0,48716.576637,46096.405017,6018.699479,1414.937699,helicopter
231,11.55,11.65,6636.776451,0.020838,1554.27,1760.0,39505.034302,49444.632451,6164.286951,2722.186732,helicopter
232,11.6,11.7,6372.301761,0.019379,1546.23,1790.0,41750.121036,44493.044837,6588.040968,2544.753327,helicopter
233,11.65,11.75,7285.862222,0.018129,1469.41,1750.0,49293.639058,48130.6024,7377.820404,2682.859497,helicopter
234,11.7,11.8,7152.157081,0.016253,803.97,1380.0,45952.737628,46219.506405,5450.127377,627.222482,helicopter
235,11.75,11.85,6501.710705,0.015003,945.59,1390.0,43543.83656,41624.306836,5798.950924,803.778507,helicopter
236,11.8,11.9,6503.98878,0.015628,1462.02,1700.0,43141.897356,40623.441118,6573.332889,2365.876791,helicopter
237,11.85,11.95,6253.443258,0.01792,954.08,1350.0,43461.974484,41378.053347,5120.87689,928.359505,helicopter
238,11.9,12.0,6178.865787,0.016879,1280.39,1490.0,40805.079003,43691.25178,5429.300183,1768.290725,helicopter
239,11.95,12.05,6800.762835,0.014795,1539.77,1750.0,47694.485538,42896.384431,6145.781155,2831.977046,helicopter
240,12.0,12.1,7286.916814,0.01542,784.17,1240.0,48108.974563,41291.269074,4822.940953,543.34185,helicopter
241,12.05,12.15,6818.452538,0.015628,1594.92,1760.0,42364.401234,41495.919687,5829.056797,2906.870386,helicopter
242,12.1,12.2,6637.634107,0.017504,1155.36,1380.0,42099.545296,41743.061091,4837.881737,1457.068055,helicopter
243,12.15,12.25,6262.155869,0.018337,722.01,1230.0,42107.060764,34373.365191,4499.411863,397.086964,helicopter
244,12.2,12.3,6080.339243,0.01542,907.68,1270.0,37686.930197,32072.126056,3962.952226,672.66638,helicopter
245,12.25,12.35,6188.416082,0.014586,986.58,1340.0,36039.926626,34251.324133,3921.742229,825.621802,helicopter
246,12.3,12.4,5762.543358,0.019587,939.6,1420.0,36766.874281,41680.754046,4225.524708,710.11912,helicopter
247,12.35,12.45,5986.369656,0.019796,1439.14,1610.0,34045.394596,44959.827216,5130.414593,1994.977314,helicopter
248,12.4,12.5,6056.490673,0.015628,1195.95,1460.0,37200.344986,41651.67353,4948.352152,1449.630469,helicopter
249,12.45,12.55,6188.089747,0.017295,1123.82,1440.0,37748.530702,41600.379474,5240.804349,1237.157483,helicopter
250,12.5,12.6,6278.377599,0.017712,1341.8,1550.0,42750.470606,37547.907053,5578.451242,1944.467545,helicopter
251,12.55,12.65,5624.758435,0.017504,878.32,1300.0,38947.77377,36497.592515,3692.35854,613.33158,helicopter
252,12.6,12.7,4985.562268,0.020213,1248.66,1570.0,33459.006401,37636.817941,4509.058683,1308.468563,helicopter
253,12.65,12.75,4743.047003,0.022921,952.54,1480.0,31066.650615,37782.216325,4386.163091,575.988412,helicopter
254,12.7,12.8,5042.145722,0.020421,887.99,1430.0,32235.27288,35756.444817,4540.510174,463.237426,helicopter
255,12.75,12.85,5495.736775,0.017712,1446.85,1680.0,37837.848181,34564.373679,5221.872606,2019.214136,helicopter
256,12.8,12.9,5962.605722,0.016462,1665.51,1800.0,36412.269891,37446.594652,4958.49522,2689.60508,helicopter
257,12.85,12.95,5967.497271,0.015003,1068.56,1320.0,36591.005738,34456.151711,3553.569423,1043.279212,helicopter
258,12.9,13.0,5116.768367,0.017712,2410.3,3940.0,33930.910948,35033.68652,7480.704241,4592.962409,helicopter
259,12.95,13.05,4858.035824,0.021254,1315.16,1570.0,32229.926505,33924.514768,4442.824974,1468.592336,helicopter
260,13.0,13.1,5128.86864,0.019587,1435.89,1630.0,33348.797688,30190.512604,4091.675773,1830.954027,helicopter
261,13.05,13.15,4968.929182,0.01542,1207.17,1430.0,32324.174018,30168.275747,3611.129428,1245.916024,helicopter
262,13.1,13.2,4914.930298,0.013544,1918.5,2380.0,30573.148545,30299.776504,5318.319875,2824.310968,helicopter
263,13.15,13.25,4616.145782,0.015003,1337.64,1610.0,32330.385903,26673.254053,4274.364256,1400.528105,helicopter
264,13.2,13.3,4556.072348,0.016879,1713.15,1910.0,32951.98335,27580.876058,4308.493099,2359.547343,helicopter
265,13.25,13.35,4753.989848,0.017712,1104.77,1370.0,33443.891569,26779.217505,3388.8988,1009.727592,helicopter
266,13.3,13.4,5075.540434,0.017295,1022.67,1370.0,35101.133218,30237.955682,3800.269901,832.812669,helicopter
267,13.35,13.45,5126.577576,0.016879,1590.83,1730.0,34565.448711,31812.573806,4659.364976,2240.9721,helicopter
268,13.4,13.5,4566.692516,0.018546,1252.77,1520.0,30190.865544,29057.64631,4060.001403,1200.032611,helicopter
269,13.45,13.55,4286.998176,0.020421,1137.06,1500.0,27657.401775,28209.735005,4078.182122,853.849276,helicopter
270,13.5,13.6,4274.205371,0.01792,740.07,1270.0,25586.916028,25427.100234,3211.247818,281.891106,helicopter
271,13.55,13.65,4146.639397,0.019171,1773.33,2000.0,26740.807398,26592.592689,4077.368444,2164.70589,helicopter
272,13.6,13.7,3599.46983,0.02313,1359.97,1590.0,23871.070182,25897.858665,3111.85711,1139.10662,helicopter
273,13.65,13.75,3636.61676,0.020838,758.53,1300.0,22192.050167,24596.152475,2394.436838,244.418727,helicopter
274,13.7,13.8,3670.977911,0.019587,925.97,1260.0,26191.963878,23155.300848,2561.650046,506.230946,helicopter
275,13.75,13.85,3820.394554,0.018129,1006.17,1380.0,27497.261655,24696.464502,3024.420697,633.152692,helicopter
276,13.8,13.9,3852.382031,0.020004,770.04,1270.0,27438.816665,25211.578222,2917.874363,255.08179,helicopter
277,13.85,13.95,3723.587363,0.020629,1056.21,1360.0,25728.837342,24501.319561,2818.709243,687.678004,helicopter
278,13.9,14.0,3954.461778,0.01667,727.17,1260.0,26283.046112,25270.498516,2797.114666,211.086076,helicopter
279,13.95,14.05,3794.094565,0.01792,1008.18,1370.0,23950.816881,26024.338332,2936.529431,594.124267,helicopter
280,14.0,14.1,3616.240158,0.020213,853.31,1180.0,24119.106474,24072.198344,2332.024249,362.851724,helicopter
281,14.05,14.15,3485.215994,0.018962,1208.86,1380.0,22561.119067,24300.153146,2565.90219,878.211849,helicopter
282,14.1,14.2,3487.310472,0.017712,862.63,1280.0,21947.571476,23415.826919,2185.748281,337.065767,helicopter
283,14.15,14.25,3448.093799,0.01792,1092.61,1360.0,20225.171048,22639.41368,2228.005555,617.239246,helicopter
284,14.2,14.3,3168.899873,0.018754,1142.01,1440.0,20022.533194,23117.064616,2692.353059,645.003526,helicopter
285,14.25,14.35,3416.500575,0.018337,933.48,1360.0,22120.981517,21182.612797,2484.480498,395.082376,helicopter
286,14.3,14.4,3363.602084,0.018546,1533.0,1700.0,21537.73991,18633.863201,2696.43472,1238.833838,helicopter
287,14.35,14.45,3303.197852,0.021254,764.44,1310.0,22519.239959,19672.097628,2166.46791,191.761356,helicopter
288,14.4,14.5,3220.597043,0.021046,2084.72,2710.0,22274.9487,20963.178576,3429.521934,2277.408223,helicopter
289,14.45,14.55,3102.50034,0.020213,1472.82,1650.0,18988.116507,19414.825268,2315.545237,1073.875496,helicopter
290,14.5,14.6,2915.030225,0.02188,2037.28,2500.0,18422.274259,19701.864554,3402.455516,1903.578678,helicopter
291,14.55,14.65,2592.405588,0.019171,766.86,1300.0,18135.392061,18366.673098,2065.784176,150.3302,helicopter
292,14.6,14.7,3014.918164,0.018129,1213.63,1480.0,18239.963794,21212.797853,2419.061594,706.167408,helicopter
293,14.65,14.75,2987.907351,0.019379,980.59,1330.0,19408.687819,20346.58632,2039.646371,414.653603,helicopter
294,14.7,14.8,3096.866808,0.019171,878.35,1290.0,20139.878239,20193.15294,2086.588684,314.402036,helicopter
295,14.75,14.85,3558.72291,0.019171,760.59,1180.0,21169.342259,22421.941799,2016.596384,195.371847,helicopter
296,14.8,14.9,3492.393326,0.019379,1733.93,1970.0,21042.242522,22630.478616,3315.16437,1719.115449,helicopter
297,14.85,14.95,3074.990193,0.020421,1016.08,1380.0,18685.622929,22087.471306,2376.71212,447.312686,helicopter
298,14.9,15.0,2915.332188,0.018129,1928.69,2300.0,18405.490999,20425.242077,3216.615795,1786.669827,helicopter
299,14.95,15.05,2894.967147,0.021254,1126.73,1380.0,19388.462328,20142.976158,2280.1856,598.141632,helicopter
300,15.0,15.1,2759.073371,0.025005,778.35,1300.0,17678.329714,20115.981608,2203.21633,151.313145,helicopter
301,15.05,15.15,2898.025149,0.018962,1663.43,1840.0,17974.50574,20055.889574,2849.114693,1320.706701,helicopter
302,15.1,15.2,3377.112862,0.016045,1329.11,1560.0,21344.354982,20260.234618,2757.968768,971.781579,helicopter
303,15.15,15.25,3581.851417,0.01542,910.93,1300.0,22848.425882,18932.194192,2355.47565,415.530041,helicopter
304,15.2,15.3,3024.843485,0.018129,1215.81,1430.0,19835.37076,19123.034804,2217.296447,751.622178,helicopter
305,15.25,15.35,3052.12694,0.021046,2092.49,2680.0,20053.071761,20628.907237,3619.163242,2153.127359,helicopter
306,15.3,15.4,3247.131614,0.021671,978.08,1350.0,20553.510043,22381.834463,2212.369306,431.500995,helicopter
307,15.35,15.45,3097.316777,0.021046,1833.49,2030.0,19543.27979,22629.287945,3162.437627,1754.08632,helicopter
308,15.4,15.5,3679.424879,0.016879,1371.49,1590.0,21910.755371,22135.952666,2711.600253,1092.271215,helicopter
309,15.45,15.55,3964.286354,0.01542,919.93,1300.0,25088.961546,21590.39762,2213.678918,467.723484,helicopter
310,15.5,15.6,4546.165284,0.014586,1083.09,1330.0,27780.42574,20659.254843,2535.079037,815.96678,helicopter
311,15.55,15.65,4641.131346,0.014795,1315.4,1530.0,31313.382709,20464.368482,3135.392931,1311.615792,helicopter
312,15.6,15.7,3930.953271,0.015837,1067.08,1360.0,27280.274022,20829.031352,2963.673187,749.982187,helicopter
313,15.65,15.75,3979.169678,0.016253,896.01,1280.0,24756.917886,24270.908226,2769.402526,433.619307,helicopter
314,15.7,15.8,4288.433235,0.017504,739.0,1250.0,23813.495267,27189.58913,2438.285921,263.498214,helicopter
315,15.75,15.85,4380.260188,0.01542,1325.64,1530.0,26052.806861,24368.983351,2897.871565,1233.562938,helicopter
316,15.8,15.9,4323.473215,0.015212,972.52,1250.0,27151.939233,24491.068781,2376.740736,649.234032,helicopter
317,15.85,15.95,4374.917332,0.015212,1800.6,1980.0,25790.322073,23803.251506,3444.59585,2116.100792,helicopter
318,15.9,16.0,4464.395655,0.012503,1534.21,1680.0,28575.926026,21588.51159,3180.268313,1689.672043,helicopter
319,15.95,16.05,4800.121989,0.012503,1000.69,1300.0,28759.373734,21974.863801,2293.655657,748.573318,helicopter
320,16.0,16.1,5387.580339,0.013336,1375.42,1520.0,33894.194374,27820.499069,3779.586612,1674.617861,helicopter
321,16.05,16.15,5655.597836,0.013336,719.16,1140.0,34063.32156,27906.504812,3216.944804,344.886041,helicopter
322,16.1,16.2,5488.224484,0.014795,1014.55,1260.0,33574.928734,25194.587418,2948.830173,845.289866,helicopter
323,16.15,16.25,5709.856919,0.013336,1732.57,1960.0,34466.340862,26220.302902,4341.936438,2500.186928,helicopter
324,16.2,16.3,5922.034853,0.011669,923.33,1390.0,34248.336723,23387.920696,3552.511157,653.035974,helicopter
325,16.25,16.35,5621.901256,0.012919,1331.42,1590.0,32279.654089,25256.845613,3976.211817,1444.710253,helicopter
326,16.3,16.4,5814.308448,0.011044,1908.62,2300.0,35059.82897,26117.435862,4791.703555,2929.851701,helicopter
327,16.35,16.45,6361.521379,0.008543,1445.32,1620.0,36684.569893,25120.417613,3905.807695,1891.625357,helicopter
328,16.4,16.5,6806.990602,0.009169,1205.05,1360.0,39685.518625,28804.907106,3769.139838,1499.589302,helicopter
329,16.45,16.55,7590.856203,0.011252,1143.86,1330.0,40637.755687,29711.329803,3691.145748,1397.863104,helicopter
330,16.5,16.6,7598.434915,0.009585,760.84,1210.0,43156.686138,29778.86062,2958.68467,506.339767,helicopter
331,16.55,16.65,7366.12358,0.007085,683.12,1210.0,41974.997773,28001.4322,2816.623208,380.963029,helicopter
332,16.6,16.7,7860.790215,0.006876,938.44,1300.0,40955.721311,24879.918729,3590.988516,899.143548,helicopter
333,16.65,16.75,7919.910622,0.008543,1796.73,2170.0,39742.029842,26203.18629,5139.303655,2914.313151,helicopter
334,16.7,16.8,7701.171348,0.008335,1289.68,1490.0,41343.305752,25502.993762,3637.226243,1775.74691,helicopter
335,16.75,16.85,7809.639637,0.006251,1058.32,1370.0,44426.898761,24073.312792,3766.298972,1277.221224,helicopter
336,16.8,16.9,8009.663961,0.005001,660.04,1130.0,44958.109221,25866.4749,3179.506626,349.556338,helicopter
337,16.85,16.95,7804.163017,0.005626,1759.71,2150.0,43926.848096,27540.513481,5806.584466,3095.586829,helicopter
338,16.9,17.0,8053.551643,0.007293,1751.79,2100.0,42836.247437,31630.106269,5856.817784,3162.797962,helicopter
339,16.95,17.05,8908.415035,0.008752,661.09,1090.0,48475.331509,33083.021141,3306.678735,393.924831,helicopter
340,17.0,17.1,9388.854917,0.007502,804.08,1110.0,50867.078681,30049.047338,3313.311614,786.769591,helicopter
341,17.05,17.15,9095.146085,0.007502,842.26,1150.0,44983.700564,27851.734067,3235.847311,789.453392,helicopter
342,17.1,17.2,8933.486578,0.008543,1674.82,1850.0,41439.21626,30712.43535,4733.935743,2844.979249,helicopter
343,17.15,17.25,9022.798125,0.006876,1307.64,1550.0,44208.429101,36105.155221,4326.790373,1914.241119,helicopter
344,17.2,17.3,9532.568803,0.005835,1436.84,1580.0,47222.033089,37612.941105,4986.364135,2481.374772,helicopter
345,17.25,17.35,10032.509229,0.006668,938.43,1240.0,47504.348779,33912.791793,4413.068825,1024.766088,helicopter
346,17.3,17.4,10946.483823,0.006668,618.57,1180.0,57080.207142,33466.272197,4639.08562,450.29584,helicopter
347,17.35,17.45,10977.449523,0.005626,1400.24,1610.0,57275.220829,29934.040316,5238.511499,2714.931734,helicopter
348,17.4,17.5,10489.602016,0.00646,2019.33,3030.0,55949.231097,26486.772582,6635.199342,4719.359015,helicopter
349,17.45,17.55,10375.046836,0.006668,602.7,1120.0,51597.763564,27682.732654,3244.925059,431.771117,helicopter
350,17.5,17.6,10731.548035,0.005001,1328.43,1530.0,62183.422203,31429.714237,5364.862972,2636.932706,helicopter
351,17.55,17.65,11576.262308,0.006251,687.73,1190.0,61544.8429,34324.337569,4200.916189,639.290338,helicopter
352,17.6,17.7,11425.195613,0.006668,971.61,1230.0,60213.590473,35256.507919,4563.422763,1457.262849,helicopter
353,17.65,17.75,11546.018659,0.004376,1367.09,1580.0,63496.061889,34037.357749,5593.930762,2844.026256,helicopter
354,17.7,17.8,12401.881937,0.004793,1825.09,2230.0,62771.891082,33640.010321,7221.315324,4531.156098,helicopter
355,17.75,17.85,12623.968419,0.006251,1330.27,1480.0,60462.735058,35576.946568,5873.69254,2679.324115,helicopter
356,17.8,17.9,12900.36091,0.005835,638.61,1180.0,57695.653959,35970.687321,4506.969989,411.492597,helicopter
357,17.85,17.95,12870.929747,0.005418,1681.62,1970.0,63053.011654,35658.389326,6987.213124,4103.065301,helicopter
358,17.9,18.0,12665.959754,0.005835,857.06,1250.0,57047.806,34280.698135,6039.344465,959.485639,helicopter
359,17.95,18.05,12766.155111,0.004584,782.29,1230.0,58494.093911,36496.451612,5728.736329,800.210102,helicopter
360,18.0,18.1,12741.793843,0.003959,1643.03,1820.0,57990.941243,37251.888281,5980.002269,3737.129705,helicopter
361,18.05,18.15,13520.128553,0.006043,912.51,1240.0,60652.646401,36257.767028,4822.735452,1288.934127,helicopter
362,18.1,18.2,13555.11736,0.004584,601.87,1110.0,64260.167265,33148.439583,5011.266294,472.443621,helicopter
363,18.15,18.25,13169.753479,0.002917,987.41,1300.0,66242.464942,30279.115595,4944.55329,1730.819283,helicopter
364,18.2,18.3,13560.443822,0.005626,2443.49,4740.0,69176.617146,34478.638837,10987.007739,7839.778256,helicopter
365,18.25,18.35,14217.299363,0.005209,2110.33,3400.0,74990.726366,38083.262381,9200.735262,6937.878787,helicopter
366,18.3,18.4,13787.975628,0.005418,744.7,1180.0,70070.390349,36243.075024,4828.301801,1049.605596,helicopter
367,18.35,18.45,13851.548656,0.007085,626.78,1160.0,71864.516288,34187.021686,4522.663297,522.727572,helicopter
368,18.4,18.5,14646.804374,0.006043,2141.03,3430.0,78565.98493,37795.976056,9821.47158,7113.297106,helicopter
369,18.45,18.55,14496.501811,0.005626,1663.98,1830.0,70821.841543,44586.85046,6993.145297,4608.903838,helicopter
370,18.5,18.6,14414.437534,0.004168,627.87,1190.0,63901.598742,40705.610927,4200.531533,538.529588,helicopter
371,18.55,18.65,14285.392594,0.003334,1683.67,1910.0,60013.18929,35310.310111,6436.850444,3945.408303,helicopter
372,18.6,18.7,13916.184985,0.005418,1495.53,1660.0,59529.082317,38023.894048,5814.427309,3261.335943,helicopter
373,18.65,18.75,15025.753818,0.005418,1366.79,1470.0,72651.852775,38295.941962,6174.260383,3388.864034,helicopter
374,18.7,18.8,15272.916745,0.004793,2230.63,3840.0,79558.264004,38811.710889,10747.823817,7769.64773,helicopter
375,18.75,18.85,14314.834395,0.003959,1638.97,1780.0,69896.900717,39656.397516,6834.112393,4322.902353,helicopter
376,18.8,18.9,14588.932103,0.005418,1448.44,1720.0,66861.480595,40039.895639,6678.227212,3413.845208,helicopter
377,18.85,18.95,15117.696972,0.005835,664.25,1140.0,70786.365169,37840.702187,4606.920109,849.774886,helicopter
378,18.9,19.0,15779.170431,0.004168,1503.26,1670.0,77398.423128,34998.456563,6629.073977,4065.703627,helicopter
379,18.95,19.05,16330.974757,0.005001,1236.17,1350.0,78522.148406,35052.286531,5868.338407,3096.381028,helicopter
380,19.0,19.1,16656.092646,0.003542,1636.11,1910.0,78376.964876,34966.691856,7460.868019,4670.244233,helicopter
381,19.05,19.15,16027.185751,0.003751,1483.38,1650.0,74743.694295,36895.422311,6875.839794,3970.974483,helicopter
382,19.1,19.2,15471.875355,0.005835,943.35,1230.0,70302.173024,37690.387734,5471.497596,1655.553693,helicopter
383,19.15,19.25,15516.803683,0.005001,834.83,1150.0,75160.153227,33387.776881,4973.916771,1370.260751,helicopter
384,19.2,19.3,15700.533402,0.005209,2538.28,5080.0,79589.71211,39745.307768,14101.157679,9545.217856,helicopter
385,19.25,19.35,15774.568149,0.004376,2187.04,3570.0,76254.072003,40346.876984,11672.650314,7408.45791,helicopter
386,19.3,19.4,16242.441244,0.003751,1124.71,1350.0,72271.989165,34501.728262,5741.714563,2348.729897,helicopter
387,19.35,19.45,16199.807713,0.004168,532.79,1080.0,70508.543793,30719.17469,4910.385978,420.175388,helicopter
388,19.4,19.5,15101.703239,0.002917,1296.46,1540.0,65492.632525,31817.61901,6445.410511,2696.423938,helicopter
389,19.45,19.55,14205.89558,0.004584,1635.61,1920.0,60898.984126,33983.491878,6951.637527,3766.0011,helicopter
390,19.5,19.6,13955.682921,0.00646,1747.57,2090.0,63959.217799,36451.429457,7476.79381,4498.235602,helicopter
391,19.55,19.65,14644.50768,0.006043,1906.11,2510.0,71565.971053,40878.200096,9134.76003,5712.819983,helicopter
392,19.6,19.7,15203.159695,0.003751,2072.72,3210.0,71211.182444,36062.463521,9390.623842,6265.441943,helicopter
393,19.65,19.75,15556.956438,0.003334,733.09,1160.0,73541.811351,29692.323594,3804.205229,921.355323,helicopter
394,19.7,19.8,15416.632597,0.004793,2541.79,5190.0,72590.07634,30963.1005,12266.53715,8399.38569,helicopter
395,19.75,19.85,15941.646865,0.005626,2323.28,4320.0,78073.041731,34824.862549,11893.67519,8091.741151,helicopter
396,19.8,19.9,16107.321826,0.006668,1563.69,1700.0,80057.843505,36688.86398,6787.604886,4546.471508,helicopter
397,19.85,19.95,15849.816961,0.005001,990.68,1260.0,72844.591862,33006.588877,4919.402219,1922.164774,helicopter
398,19.9,20.0,15679.610867,0.003334,1723.55,2040.0,74530.134523,38835.739659,7801.735361,5022.908013,helicopter
399,19.95,20.05,15002.594202,0.003334,772.75,1100.0,71386.140442,35864.625255,3832.663235,1282.943856,helicopter
400,20.0,20.1,15175.945078,0.003959,1275.87,1420.0,75363.75472,33864.317653,5514.715656,3050.423947,helicopter
401,20.05,20.15,14921.613321,0.004793,1596.65,1780.0,63475.180275,34146.343089,6245.647285,3776.49648,helicopter
402,20.1,20.2,15659.183427,0.004584,1076.46,1230.0,66110.733063,34946.018604,4723.672421,2037.816241,helicopter
403,20.15,20.25,15721.612284,0.004584,1717.97,2040.0,68710.636707,34857.024161,7242.600585,4565.539059,helicopter
404,20.2,20.3,15738.808529,0.005418,530.77,1030.0,69749.235669,31735.320478,3868.344102,389.755147,helicopter
405,20.25,20.35,15962.670894,0.004376,2158.56,3650.0,77173.132782,33126.978138,9921.264369,7037.465698,helicopter
406,20.3,20.4,14842.237373,0.003542,2119.93,3440.0,74500.788509,33672.750901,9440.044404,6638.73603,helicopter
407,20.35,20.45,15066.407872,0.004168,1057.79,1270.0,68346.528922,29926.246482,4095.331685,2036.256263,helicopter
408,20.4,20.5,15458.631616,0.002917,492.87,900.0,66883.596695,24184.652319,2779.839766,588.676916,helicopter
409,20.45,20.55,14641.582005,0.002501,763.02,1000.0,68008.085812,23508.62299,3279.348418,1146.865693,helicopter
410,20.5,20.6,13925.102103,0.005209,1277.16,1370.0,63147.699726,26685.411535,4304.234591,2529.854657,helicopter
411,20.55,20.65,13809.284287,0.004376,2080.12,3320.0,65489.954629,31167.234712,8124.905691,5803.003057,helicopter
412,20.6,20.7,14271.1695,0.002917,1635.8,1860.0,69845.93894,29705.569146,6438.567146,4186.859425,helicopter
413,20.65,20.75,14251.360682,0.002501,617.72,1040.0,68317.446194,25371.265942,3847.668135,592.785534,helicopter
414,20.7,20.8,13387.084693,0.002292,2062.34,3160.0,62147.95854,28841.717655,7677.187899,5321.090499,helicopter
415,20.75,20.85,12740.716275,0.004376,1524.71,1640.0,55688.408824,29900.583235,5192.549328,3101.357459,helicopter
416,20.8,20.9,11778.352135,0.004584,655.07,1160.0,49402.74607,28508.09586,3696.296712,429.424148,helicopter
417,20.85,20.95,12407.108978,0.003751,1737.37,2060.0,47420.078825,28131.403287,5774.976412,3291.134142,helicopter
418,20.9,21.0,13131.407594,0.002917,1576.21,1730.0,49819.099025,28020.685142,4655.122207,2950.037092,helicopter
419,20.95,21.05,12349.599427,0.002917,668.3,1090.0,48476.134844,26736.984576,2968.415709,500.449486,helicopter
420,21.0,21.1,12289.086263,0.003751,871.76,1050.0,55536.984331,24971.167264,3125.591097,1184.671754,helicopter
421,21.05,21.15,12523.448887,0.003542,2090.99,3380.0,59010.433167,24090.386809,7265.601677,5064.976615,helicopter
422,21.1,21.2,11737.145017,0.004376,2598.24,5430.0,52313.993766,24544.201222,9186.556983,6457.121416,helicopter
423,21.15,21.25,11498.782705,0.003751,2089.31,3370.0,50234.504601,20139.28552,7128.13191,4296.278616,helicopter
424,21.2,21.3,11310.574356,0.002501,1366.73,1540.0,46526.92109,20087.93339,3904.386781,2141.678741,helicopter
425,21.25,21.35,10943.393073,0.003542,2303.81,4210.0,50974.879535,22297.847582,7158.84446,5142.603629,helicopter
426,21.3,21.4,11066.992809,0.003126,1677.23,1970.0,54682.392793,21213.510081,4988.567285,3349.710071,helicopter
427,21.35,21.45,11230.330914,0.002501,1570.96,1760.0,52716.694964,18816.227442,4457.331948,2897.656265,helicopter
428,21.4,21.5,11035.511975,0.003334,544.45,1020.0,47537.279985,21657.834875,2367.575654,297.829533,helicopter
429,21.45,21.55,10591.810639,0.003542,2037.4,3110.0,48641.714232,22116.645426,6009.819891,4098.715342,helicopter
430,21.5,21.6,10091.748794,0.003751,956.11,1240.0,45448.79957,17863.698927,3178.115561,1069.651556,helicopter
431,21.55,21.65,9728.537422,0.002917,980.05,1280.0,41475.801595,18177.361984,3101.953909,1025.89792,helicopter
432,21.6,21.7,9600.871581,0.003542,2322.37,4290.0,42080.398026,19101.947777,6060.085339,4319.456611,helicopter
433,21.65,21.75,9538.24623,0.005418,1495.1,1730.0,39596.117158,17827.080613,3549.64896,2088.500402,helicopter
434,21.7,21.8,9194.709363,0.003751,851.59,1180.0,36223.497899,15231.391476,2325.960165,759.014554,helicopter
435,21.75,21.85,9093.746174,0.002917,1358.76,1490.0,38105.911522,13711.712603,2885.592296,1670.09063,helicopter
436,21.8,21.9,9022.515439,0.004584,1355.78,1440.0,39146.909993,16492.471358,3239.057433,1765.447671,helicopter
437,21.85,21.95,8272.744808,0.005209,2150.22,3540.0,34343.161293,17646.746267,4595.136537,3267.993276,helicopter
438,21.9,22.0,8359.213624,0.004376,1406.44,1550.0,37622.390033,15662.562515,3177.219226,1749.222971,helicopter
439,21.95,22.05,8565.655105,0.002501,1003.84,1200.0,38023.009757,14587.183353,2413.923114,1009.330107,helicopter
440,22.0,22.1,8265.821993,0.003334,703.77,930.0,39614.480487,15690.437334,1788.007017,554.923523,helicopter
441,22.05,22.15,7925.434389,0.004376,1643.18,1710.0,35689.416781,21092.172218,3403.641645,2358.807967,helicopter
442,22.1,22.2,7672.948169,0.003959,1993.2,2820.0,32341.594719,19625.829835,3972.713116,2853.623937,helicopter
443,22.15,22.25,7816.800083,0.003334,922.81,1250.0,32256.105823,13126.891038,1969.101137,737.207152,helicopter
444,22.2,22.3,7771.856429,0.002501,927.96,1170.0,31039.544999,16206.960728,2095.295305,744.047035,helicopter
445,22.25,22.35,7525.869937,0.003751,815.99,1120.0,27711.985154,17247.279187,2032.525006,502.743436,helicopter
446,22.3,22.4,7146.772229,0.003959,2350.97,4330.0,29006.022528,16263.4963,4579.833317,3221.054902,helicopter
447,22.35,22.45,6842.733731,0.003542,1870.1,2490.0,29162.553116,13436.72697,3248.53746,2157.038226,helicopter
448,22.4,22.5,6538.557898,0.003751,794.55,1120.0,27623.498632,11956.889218,1621.63649,445.605084,helicopter
449,22.45,22.55,6447.613681,0.003334,992.33,1130.0,24972.305218,11423.623983,1699.669837,671.37007,helicopter
450,22.5,22.6,6715.040659,0.003751,807.32,1090.0,28809.750685,11718.6639,1613.626012,522.031573,helicopter
451,22.55,22.65,6631.239536,0.003334,1499.54,1700.0,30162.636851,12031.062078,2483.154713,1574.538631,helicopter
452,22.6,22.7,6340.891986,0.003542,2299.72,4300.0,29834.564076,12654.976004,4019.354432,2990.614199,helicopter
453,22.65,22.75,6047.859549,0.003959,1692.94,2040.0,28689.534647,11995.930971,2701.98484,1847.2128,helicopter
454,22.7,22.8,5896.560011,0.002501,1068.44,1300.0,24690.842654,9840.581196,1716.473037,751.999661,helicopter
455,22.75,22.85,5847.142476,0.002917,839.33,1110.0,24277.460388,9123.842085,1582.530141,480.395339,helicopter
456,22.8,22.9,5632.199909,0.002917,1406.73,1560.0,24056.30373,8415.706181,1918.899791,1125.735083,helicopter
457,22.85,22.95,5592.934063,0.001875,2001.87,3180.0,25144.462372,8015.715732,2681.589698,1941.763404,helicopter
458,22.9,23.0,5456.743794,0.003542,1621.39,1950.0,23857.673135,8202.108717,2104.580262,1386.804808,helicopter
459,22.95,23.05,5334.484636,0.003334,642.9,990.0,22738.448077,9375.786828,1217.636177,288.830562,helicopter
460,23.0,23.1,5300.302325,0.001667,642.59,1040.0,20864.149604,8921.602147,1146.315504,280.477351,helicopter
461,23.05,23.15,4941.921879,0.002709,983.96,1240.0,18765.83115,8448.681935,1241.08942,489.668443,helicopter
462,23.1,23.2,4687.496473,0.003126,1326.0,1460.0,16762.102843,9271.438021,1544.505058,752.4074,helicopter
463,23.15,23.25,4524.01796,0.003751,1831.38,2370.0,18079.226066,8585.207466,2010.260262,1312.464055,helicopter
464,23.2,23.3,4388.610935,0.003334,1816.06,2380.0,17272.716881,6531.902219,1750.187989,1184.442778,helicopter
465,23.25,23.35,4388.267673,0.002917,723.28,1070.0,16873.630058,7210.734931,888.035964,236.896303,helicopter
466,23.3,23.4,4214.555859,0.002501,826.27,1100.0,16743.817249,7356.274929,956.827849,320.353061,helicopter
467,23.35,23.45,4225.939502,0.002084,1525.27,1610.0,18520.725535,6923.058579,1464.84979,986.096082,helicopter
468,23.4,23.5,4138.921456,0.002501,1318.11,1360.0,19006.013215,6200.834816,1020.630066,797.277211,helicopter
469,23.45,23.55,3953.164089,0.002292,1700.08,2110.0,18762.205915,5923.099267,1590.484709,1157.96658,helicopter
470,23.5,23.6,3914.114232,0.003126,1601.47,1910.0,16624.762585,7078.99179,1632.870654,979.59607,helicopter
471,23.55,23.65,3709.205127,0.003334,842.47,1180.0,14699.674438,6669.139921,1041.340126,275.226095,helicopter
472,23.6,23.7,3449.167359,0.002084,1421.93,1630.0,14542.818199,5632.945584,1164.59081,700.456059,helicopter
473,23.65,23.75,3446.692914,0.003126,1600.72,1870.0,14366.131848,5008.926487,1213.714141,818.517006,helicopter
474,23.7,23.8,3502.524346,0.003959,1884.93,2760.0,15268.282967,5155.1929,1529.002328,1106.694031,helicopter
475,23.75,23.85,3358.152318,0.003334,613.48,940.0,13783.834697,4701.117036,621.79071,142.726854,helicopter
476,23.8,23.9,3166.626899,0.002917,1262.08,1360.0,12493.697451,5737.89982,942.166226,511.477749,helicopter
477,23.85,23.95,2996.820976,0.002501,1098.62,1300.0,10838.00757,5938.384474,784.227983,351.09545,helicopter
478,23.9,24.0,2838.035787,0.003126,1555.72,1740.0,11160.560784,5186.949189,975.370973,628.102678,helicopter
479,23.95,24.05,2697.810519,0.002709,1956.21,2880.0,11333.233216,4571.760518,1259.525792,882.613219,helicopter
480,24.0,24.1,2667.410411,0.002917,2003.63,3060.0,10546.815872,4333.204997,1183.549546,856.360065,helicopter
481,24.05,24.15,2749.292561,0.003334,1238.28,1400.0,11300.868801,3809.963299,696.99138,430.742952,helicopter
482,24.1,24.2,2678.661753,0.002084,2273.2,4360.0,11573.286735,3869.743766,1475.252969,1094.753362,helicopter
483,24.15,24.25,2556.181311,0.003126,2727.72,6130.0,11146.697464,3875.92368,2010.948945,1395.035287,helicopter
484,24.2,24.3,2375.853142,0.002917,1420.52,1670.0,10618.878606,3207.262639,813.090267,494.419955,helicopter
485,24.25,24.35,2241.165256,0.001667,495.44,1000.0,9168.063216,3780.141079,486.428281,41.716945,helicopter
486,24.3,24.4,2251.945126,0.002917,519.88,1000.0,9346.333276,4354.104243,440.413885,50.765252,helicopter
487,24.35,24.45,2158.942307,0.003334,1266.78,1340.0,8688.211967,4290.526115,577.617451,370.161277,helicopter
488,24.4,24.5,2033.712814,0.002709,1733.66,2130.0,8805.002112,3187.005651,773.28989,569.083415,helicopter
489,24.45,24.55,1923.592337,0.003542,1294.9,1380.0,7858.704532,2714.618033,492.804098,331.058325,helicopter
490,24.5,24.6,1905.837776,0.002917,2026.44,3260.0,7905.369218,2974.957866,865.084035,645.088684,helicopter
491,24.55,24.65,1861.288228,0.002084,1475.01,1600.0,7201.813104,3164.540566,574.678517,374.730529,helicopter
492,24.6,24.7,1752.434957,0.002501,1992.97,3000.0,6798.586989,3041.587451,799.778398,559.827188,helicopter
493,24.65,24.75,1618.672163,0.002084,1664.61,1970.0,6489.000199,2251.975484,559.238228,390.327163,helicopter
494,24.7,24.8,1475.713988,0.001875,1576.72,1760.0,5721.663057,1725.455402,431.248742,309.090872,helicopter
495,24.75,24.85,1404.601366,0.001875,1573.4,1780.0,5458.145918,1736.129523,436.508347,298.681838,helicopter
496,24.8,24.9,1466.254718,0.002501,1052.48,1220.0,5908.520763,1979.682385,335.867886,176.896311,helicopter
497,24.85,24.95,1491.878441,0.002501,669.66,990.0,6065.843907,1800.51764,263.489795,78.078023,helicopter
498,24.9,25.0,1378.423911,0.002917,1444.2,1570.0,5689.367738,1658.312478,417.499498,281.263351,helicopter
499,24.95,25.05,1289.286258,0.003959,2243.34,4210.0,5571.616881,1806.570131,729.079506,516.179158,helicopter
500,25.0,25.1,1224.712048,0.003126,2067.22,3420.0,5623.647489,1754.252344,621.155047,455.042581,helicopter
501,25.05,25.15,1179.446081,0.003334,1280.62,1370.0,5182.016895,1751.7695,329.938429,209.069612,helicopter
502,25.1,25.2,1169.883675,0.002917,1026.29,1090.0,4637.730063,1783.590563,244.140717,134.289664,helicopter
503,25.15,25.25,1078.979964,0.002084,1520.92,1690.0,4373.563911,1621.016389,343.414616,235.640122,helicopter
504,25.2,25.3,988.585318,0.003126,1730.56,2190.0,4039.76204,1431.985284,366.309297,260.1576,helicopter
505,25.25,25.35,957.672593,0.002292,2331.11,4580.0,4081.881516,1432.040187,537.918913,404.933022,helicopter
506,25.3,25.4,911.031386,0.002501,1311.43,1440.0,3279.095724,1165.907217,236.294392,137.926749,helicopter
507,25.35,25.45,844.541025,0.002501,593.77,1070.0,2828.848709,1183.123126,156.702973,24.031906,helicopter
508,25.4,25.5,774.022889,0.003334,818.37,1060.0,3067.435057,1140.798807,157.699205,56.148688,helicopter
509,25.45,25.55,724.464487,0.003751,1954.78,2900.0,3032.32021,1081.588325,316.594783,228.597887,helicopter
510,25.5,25.6,681.758665,0.002709,2587.54,5620.0,2974.223143,1053.829506,449.262736,343.211298,helicopter
511,25.55,25.65,648.862443,0.003542,1762.6,2310.0,2758.493427,815.407603,232.438653,176.765502,helicopter
512,25.6,25.7,637.306513,0.002917,1384.94,1430.0,2602.123423,638.869212,162.099583,117.805816,helicopter
513,25.65,25.75,617.649651,0.001667,1117.44,1200.0,2667.796474,583.113435,138.845549,87.120685,helicopter
514,25.7,25.8,553.87147,0.003126,2643.63,5890.0,2358.836818,809.190575,367.246586,280.115656,helicopter
515,25.75,25.85,511.252135,0.003959,1953.94,3010.0,2204.358564,762.129129,236.344074,165.98917,helicopter
516,25.8,25.9,493.636408,0.002917,1462.07,1550.0,2252.012272,805.496435,167.223576,112.27857,helicopter
517,25.85,25.95,457.038053,0.002917,602.49,980.0,1754.650631,764.441634,73.729867,16.061526,helicopter
518,25.9,26.0,422.995589,0.002084,1416.61,1500.0,1572.157818,542.115008,110.571833,74.364634,helicopter
519,25.95,26.05,364.672639,0.002084,970.34,1050.0,1340.015948,420.21627,69.858991,35.701081,helicopter
520,26.0,26.1,334.646639,0.002709,2007.92,3260.0,1397.625934,457.349377,148.927129,110.413328,helicopter
521,26.05,26.15,340.90351,0.002292,2658.07,5960.0,1571.006043,495.786934,240.928273,184.62319,helicopter
522,26.1,26.2,306.258578,0.002501,741.39,1030.0,1214.530644,399.38358,58.279381,18.691018,helicopter
523,26.15,26.25,232.862842,0.003751,852.27,1100.0,1001.071283,421.050644,51.480515,19.505025,helicopter
524,26.2,26.3,197.536028,0.004168,807.13,1060.0,902.128984,340.06598,39.580616,15.426022,helicopter
525,26.25,26.35,184.897837,0.003334,2275.36,4270.0,863.155081,309.495158,110.631801,82.247661,helicopter
526,26.3,26.4,159.74835,0.003126,2316.59,4480.0,776.588406,265.874394,101.74679,75.090088,helicopter
527,26.35,26.45,151.515421,0.003126,2159.09,3930.0,728.818518,210.829502,84.581672,62.364317,helicopter
528,26.4,26.5,144.905315,0.002501,557.29,700.0,628.884558,129.015712,16.726202,4.364938,helicopter
529,26.45,26.55,125.236356,0.001667,1785.23,2440.0,593.572848,158.127663,51.761591,38.163094,helicopter
530,26.5,26.6,109.599275,0.002292,1789.97,2330.0,508.29481,201.239638,48.026189,34.425394,helicopter
531,26.55,26.65,101.082188,0.002292,1848.6,2460.0,455.803048,192.754281,45.793014,32.830341,helicopter
532,26.6,26.7,91.14728,0.001667,1317.32,1440.0,401.057342,144.26534,27.97756,16.434664,helicopter
533,26.65,26.75,83.429601,0.001667,830.79,1020.0,368.193596,113.560772,16.823124,5.135269,helicopter
534,26.7,26.8,71.936786,0.002501,1489.96,1600.0,295.078676,107.83509,22.584856,14.722204,helicopter
535,26.75,26.85,64.007674,0.003126,2314.96,4500.0,294.839788,101.770115,37.456745,28.613128,helicopter
536,26.8,26.9,56.862447,0.001875,1599.57,1810.0,257.695613,83.897469,20.097631,13.677451,helicopter
537,26.85,26.95,48.177889,0.003334,1348.57,1470.0,194.649122,71.636383,12.238025,6.94946,helicopter
538,26.9,27.0,43.149254,0.004168,1858.96,2440.0,185.031005,57.419629,16.271526,11.833197,helicopter
539,26.95,27.05,38.030591,0.003751,1452.48,1430.0,163.801364,50.375969,9.380681,6.355757,helicopter
540,27.0,27.1,29.917689,0.003751,2160.96,3730.0,129.158886,45.046146,14.061347,10.595053,helicopter
541,27.05,27.15,25.538333,0.002292,2740.37,6310.0,111.632746,31.43258,16.22987,12.554274,helicopter
542,27.1,27.2,21.253627,0.001459,2484.67,5370.0,96.870916,22.398666,12.158064,9.360316,helicopter
543,27.15,27.25,16.235519,0.001667,2044.32,3320.0,67.324139,15.730583,4.661467,4.776921,helicopter
544,27.2,27.3,12.677046,0.001667,2158.32,4060.0,54.268269,11.481153,4.499622,4.127365,helicopter
545,27.25,27.35,8.727495,0.002501,2868.79,6870.0,39.258815,13.1025,6.154211,5.025891,helicopter
546,27.3,27.4,5.839235,0.002709,2847.25,6880.0,27.188522,9.804666,3.917743,3.534676,helicopter
547,27.35,27.45,3.003297,0.002292,3336.31,8610.0,13.591323,5.225566,2.764062,2.404896,helicopter
0,0.0,0.1,2981.343657,0.081284,2450.02,4750.0,13069.370958,32171.260566,23730.690723,10314.742992,gun_fight
1,0.05,0.15,3012.165321,0.107128,2454.46,4790.0,13252.684312,32447.224814,24015.430887,10564.225392,gun_fight
2,0.1,0.2,2648.874062,0.119633,2958.55,6480.0,10918.925555,27411.643664,18290.036045,15015.267557,gun_fight
3,0.15,0.25,3409.612846,0.169654,2872.35,6150.0,13524.901527,39156.190513,26783.606519,18670.929956,gun_fight
4,0.2,0.3,3199.390532,0.17549,2678.99,5550.0,13339.756837,35851.501648,27004.676463,15146.995536,gun_fight
5,0.25,0.35,3460.848248,0.174656,2640.65,5580.0,15503.237529,34213.463038,26665.30618,14801.613197,gun_fight
6,0.3,0.4,2788.969551,0.1609,2598.05,5450.0,12021.802805,29252.995703,21321.605084,11779.788225,gun_fight
7,0.35,0.45,2582.091924,0.159233,2712.57,5590.0,10029.037294,27252.625325,22849.658827,11911.055299,gun_fight
8,0.4,0.5,2521.383245,0.165069,2658.57,5460.0,9881.289893,27195.808967,22337.375184,11339.911976,gun_fight
9,0.45,0.55,2747.452231,0.169237,2701.96,5470.0,11442.352525,29408.354548,24230.779083,13140.189314,gun_fight
10,0.5,0.6,2753.415883,0.166736,2708.1,5480.0,11432.156573,29188.431679,24365.949374,13178.101178,gun_fight
11,0.55,0.65,2878.283654,0.174656,2572.91,5450.0,15123.350173,28478.130754,21700.771042,12154.028536,gun_fight
12,0.6,0.7,3489.19548,0.16757,2615.34,5540.0,16321.893823,36431.42729,25706.380452,14490.347346,gun_fight
13,0.65,0.75,2925.374743,0.157566,2527.83,5360.0,12178.97235,32910.489177,21583.495111,11745.849812,gun_fight
14,0.7,0.8,3201.259519,0.163818,2617.06,5480.0,12992.666726,34598.63529,24942.460019,12845.239239,gun_fight
15,0.75,0.85,2786.12222,0.167987,2480.3,4990.0,10584.502027,30484.206619,22331.922027,10319.349682,gun_fight
16,0.8,0.9,2867.27142,0.156732,2613.88,5310.0,12332.300959,30820.780756,23026.796184,12098.177519,gun_fight
17,0.85,0.95,2845.889985,0.141309,2602.69,5280.0,11931.844602,31257.902208,22803.183905,11917.475942,gun_fight
18,0.9,1.0,2879.706348,0.144644,2572.5,5300.0,11989.818498,31721.964327,22425.865286,11878.044347,gun_fight
19,0.95,1.05,3011.153181,0.153397,2661.46,5400.0,12624.043083,32465.150019,25100.530489,12588.013063,gun_fight
20,1.0,1.1,2756.436106,0.157149,2535.89,5390.0,13837.851846,28575.19257,21000.963704,11394.630196,gun_fight
21,1.05,1.15,3469.328807,0.154231,2574.43,5380.0,16350.343884,34211.528326,26102.158048,13742.335329,gun_fight
22,1.1,1.2,2760.715481,0.159233,2560.1,5240.0,11576.100296,31504.047545,22076.666278,11365.722664,gun_fight
23,1.15,1.25,2864.935163,0.155898,2693.61,5580.0,14133.690865,29476.678376,25363.965065,13547.915553,gun_fight
24,1.2,1.3,2806.397986,0.154231,2711.55,5590.0,13219.037553,29401.290453,25140.521698,13265.35648,gun_fight
25,1.25,1.35,2735.85189,0.153814,2670.73,5460.0,11357.427084,30160.785165,23800.116949,11756.912251,gun_fight
26,1.3,1.4,2770.969559,0.156315,2705.55,5590.0,11376.323415,30198.625871,24035.031755,12500.258155,gun_fight
27,1.35,1.45,2908.220856,0.16757,2627.14,5390.0,11829.012274,30292.609285,24333.784354,12320.711401,gun_fight
28,1.4,1.5,3391.374864,0.169654,2613.42,5470.0,13995.483797,35920.40869,26725.145984,14778.646095,gun_fight
29,1.45,1.55,2639.865595,0.171321,2593.14,5580.0,12379.628109,28718.735977,19430.716129,12191.757954,gun_fight
30,1.5,1.6,3021.371238,0.154231,2751.81,5790.0,14283.256048,30951.29361,24802.602669,14186.95157,gun_fight
31,1.55,1.65,2733.587071,0.153814,2751.35,5750.0,11894.513631,29528.19447,23578.515194,12886.786641,gun_fight
32,1.6,1.7,2874.250519,0.159233,2635.45,5520.0,13154.157519,30553.666364,22885.528398,12787.91102,gun_fight
33,1.65,1.75,2843.537533,0.162985,2642.74,5510.0,12596.595061,30330.079132,22803.795926,12680.770152,gun_fight
34,1.7,1.8,2691.320189,0.172155,2783.46,5900.0,12477.330556,28218.171375,22592.327308,14203.094404,gun_fight
35,1.75,1.85,2720.800739,0.169237,2760.22,5850.0,12528.883184,28678.991284,22704.090648,14123.844962,gun_fight
36,1.8,1.9,1288.306538,0.167153,2785.4,5500.0,2196.390663,15584.268098,11971.685084,6130.083411,gun_fight
37,1.85,1.95,1303.802465,0.16882,2901.29,5600.0,1784.864862,15809.113593,12721.944114,6393.662959,gun_fight
38,1.9,2.0,1256.030975,0.158399,2840.49,5420.0,1507.442391,15671.538139,11931.48767,5918.484241,gun_fight
39,1.95,2.05,832.787213,0.147978,2830.98,5450.0,1185.426523,10698.232828,8100.203214,4035.440353,gun_fight
40,2.0,2.1,2832.982789,0.176323,3095.4,6240.0,12111.662378,27605.61454,31178.825782,17422.415377,gun_fight
41,2.05,2.15,3587.460252,0.18341,2906.28,6060.0,18727.740093,32812.260561,33837.746004,19277.56083,gun_fight
42,2.1,2.2,3208.626296,0.152147,2419.75,5270.0,19828.84967,29984.4692,20514.628585,12530.457739,gun_fight
43,2.15,2.25,2368.756258,0.160484,2513.33,5380.0,11949.05595,25305.784338,16506.65261,9631.39907,gun_fight
44,2.2,2.3,984.208864,0.193414,2838.77,5550.0,2486.214517,11398.454138,9584.602351,4774.544617,gun_fight
45,2.25,2.35,1753.143064,0.163401,2624.93,5480.0,5281.745725,18995.23554,12368.532682,7469.424741,gun_fight
46,2.3,2.4,1744.176687,0.130471,2661.71,5540.0,5178.717859,19059.751814,12115.213033,7272.542514,gun_fight
47,2.35,2.45,1109.777104,0.149646,2953.03,5150.0,2248.822592,12548.315947,13645.616317,5013.094568,gun_fight
48,2.4,2.5,1043.732178,0.142976,2889.48,4970.0,2300.10562,11496.619555,13009.011323,4239.912658,gun_fight
49,2.45,2.55,843.193919,0.128804,2385.07,4700.0,2518.600291,10022.223812,5098.740721,2502.594154,gun_fight
50,2.5,2.6,705.428452,0.129221,2437.56,4930.0,2403.114624,7563.86011,4422.303135,2263.414529,gun_fight
51,2.55,2.65,2060.055677,0.143393,2450.43,5610.0,12566.709324,19656.623925,11172.224063,8027.237019,gun_fight
52,2.6,2.7,2068.54219,0.125886,2469.47,5650.0,12426.534803,19446.261215,11118.302466,8121.331285,gun_fight
53,2.65,2.75,1536.116904,0.114214,2347.58,4950.0,4439.589573,17651.247176,7957.078692,4987.617751,gun_fight
54,2.7,2.8,1775.731764,0.122968,2301.96,4870.0,4266.722932,21748.073658,8593.653556,5603.914957,gun_fight
55,2.75,2.85,1131.765784,0.092955,2210.99,4860.0,3460.334284,13292.092678,4499.711182,3324.820179,gun_fight
56,2.8,2.9,571.804184,0.08712,2130.0,4590.0,1813.573662,6239.848498,2240.832759,1391.634721,gun_fight
57,2.85,2.95,553.667607,0.107545,2292.63,4410.0,1439.190808,6744.004569,3702.226605,1423.460306,gun_fight
58,2.9,3.0,583.738185,0.137557,2454.19,4700.0,1656.537459,6754.991318,4290.637854,1773.333982,gun_fight
59,2.95,3.05,446.510087,0.123385,2471.17,4860.0,1352.919317,5036.624467,2957.840405,1374.446056,gun_fight
60,3.0,3.1,1093.214719,0.117966,2351.62,4300.0,4205.505528,12156.643186,9173.610687,3140.373455,gun_fight
61,3.05,3.15,1060.113135,0.117966,2368.02,4320.0,4141.567444,11874.820202,9049.214658,3120.225324,gun_fight
62,3.1,3.2,1063.179874,0.125469,2516.49,4690.0,3512.086001,11893.586846,8414.323158,3413.597162,gun_fight
63,3.15,3.25,1069.200766,0.128804,2511.55,4680.0,3540.726123,12109.098655,8452.147293,3425.304386,gun_fight
64,3.2,3.3,1104.641381,0.122134,2517.97,4810.0,3368.569107,12547.731511,9183.279716,3886.66479,gun_fight
65,3.25,3.35,1104.174983,0.136724,2523.01,4860.0,3388.424352,12490.087235,9231.361642,3921.540567,gun_fight
66,3.3,3.4,1023.145805,0.142976,2529.08,4820.0,3605.111655,11295.14739,8657.615611,3738.835112,gun_fight
67,3.35,3.45,1022.361838,0.196749,2564.8,4970.0,3593.607695,11253.778228,8636.424976,3911.562554,gun_fight
68,3.4,3.5,1065.409923,0.206336,2449.47,4790.0,3545.946243,12167.711112,8297.830611,3734.542997,gun_fight
69,3.45,3.55,1065.297977,0.142976,2424.26,4550.0,3529.701828,12234.137383,8294.507649,3504.312532,gun_fight
70,3.5,3.6,1067.004741,0.124635,2409.27,4450.0,3404.943836,12281.242827,7623.098004,3201.023817,gun_fight
71,3.55,3.65,1062.913067,0.133389,2416.21,4520.0,3412.399128,12230.294526,7577.965047,3221.31767,gun_fight
72,3.6,3.7,1015.014293,0.135473,2512.78,4650.0,3215.644311,11962.912864,8119.522458,3418.744451,gun_fight
73,3.65,3.75,1017.362114,0.134223,2485.78,4550.0,3212.259933,12058.489379,8088.623509,3405.5253,gun_fight
74,3.7,3.8,1014.866143,0.144227,2508.44,4840.0,3259.155392,11520.584816,7925.922124,3568.991077,gun_fight
75,3.75,3.85,1023.290463,0.148812,2493.5,4810.0,3280.966368,11681.083948,7955.959757,3570.267339,gun_fight
76,3.8,3.9,1032.390229,0.139642,2384.45,4490.0,3387.731167,12068.793596,7768.557354,3144.764039,gun_fight
77,3.85,3.95,1033.945398,0.132555,2377.0,4450.0,3385.48226,12006.524398,7812.261193,3106.481448,gun_fight
78,3.9,4.0,1011.998617,0.131722,2488.11,4740.0,3277.485,11398.195904,8322.683884,3527.602901,gun_fight
79,3.95,4.05,1020.638549,0.136724,2487.43,4740.0,3293.134918,11602.805147,8430.652348,3590.161606,gun_fight
80,4.0,4.1,1066.007645,0.13714,2465.88,4540.0,3290.663587,12398.039391,8581.719798,3263.846439,gun_fight
81,4.05,4.15,2191.431866,0.166736,2778.12,5460.0,7569.703682,28284.258108,19281.985728,10453.744094,gun_fight
82,4.1,4.2,2216.592946,0.175073,2811.08,5640.0,8251.441863,27802.906311,19565.04011,11052.240295,gun_fight
83,4.15,4.25,1114.437582,0.150479,2730.75,5680.0,4216.122393,11772.233748,9560.397998,4870.771595,gun_fight
84,4.2,4.3,937.685374,0.147145,2412.94,4730.0,3475.234261,10491.31114,7476.29493,3136.732413,gun_fight
85,4.25,4.35,978.398218,0.160067,2462.29,4770.0,3469.412729,10872.912608,7960.153533,3337.88621,gun_fight
86,4.3,4.4,966.402857,0.149646,2479.7,4700.0,3291.584742,10601.132616,8040.810182,3225.763186,gun_fight
87,4.35,4.45,939.930732,0.147561,2475.74,4610.0,3302.132185,10210.949034,7931.850178,3192.794896,gun_fight
88,4.4,4.5,938.402326,0.150063,2561.5,4900.0,3096.272036,10808.609859,8122.522748,3429.977497,gun_fight
89,4.45,4.55,941.990001,0.135473,2535.66,4780.0,3101.575646,11008.355196,7813.716624,3281.307762,gun_fight
90,4.5,4.6,474.999744,0.127553,2436.83,4580.0,767.680733,6351.485256,3070.443503,1425.343352,gun_fight
91,4.55,4.65,485.759153,0.123802,2018.05,3430.0,627.379932,6567.466513,2442.912903,906.019884,gun_fight
92,4.6,4.7,377.648731,0.125469,2136.37,3600.0,542.42167,5182.569513,2074.619168,802.244742,gun_fight
93,4.65,4.75,193.737501,0.120884,2158.92,3780.0,438.929085,2543.373063,1117.647497,472.760506,gun_fight
94,4.7,4.8,123.14022,0.116715,2086.21,3660.0,257.372254,1628.196301,750.587676,261.570036,gun_fight
95,4.75,4.85,129.948495,0.131305,3122.1,6590.0,286.43537,1549.075358,1075.468541,754.974517,gun_fight
96,4.8,4.9,3028.868931,0.180492,3000.53,6280.0,14180.454181,31081.066274,28966.991928,17536.288816,gun_fight
97,4.85,4.95,3036.163294,0.206753,3004.62,6290.0,14128.030827,31168.362527,29194.017464,17646.598145,gun_fight
98,4.9,5.0,252.184371,0.222593,3577.25,6780.0,706.521077,2102.317719,3383.387232,2116.490948,gun_fight
99,4.95,5.05,660.114318,0.221759,2903.71,5380.0,771.008159,7763.009023,6933.256137,3053.483708,gun_fight
100,5.0,5.1,732.566856,0.19925,2936.89,5540.0,882.095128,8838.007517,7534.413553,3676.224983,gun_fight
101,5.05,5.15,3048.295984,0.182159,2629.8,5730.0,11314.024086,32874.177827,22438.872863,13461.264003,gun_fight
102,5.1,5.2,4077.802345,0.155065,2644.53,5720.0,13967.0005,42923.162888,29533.612928,17803.437529,gun_fight
103,5.15,5.25,3612.981345,0.16882,2608.95,5600.0,13740.50322,40066.448966,25365.680445,16211.084897,gun_fight
104,5.2,5.3,3194.242159,0.180492,2872.37,5970.0,12812.92664,36145.32865,27029.427089,17298.640392,gun_fight
105,5.25,5.35,2694.979251,0.163818,2941.63,6140.0,11186.470762,30015.359434,24937.587063,15290.769153,gun_fight
106,5.3,5.4,2841.587762,0.165069,2752.63,5510.0,11713.824645,30652.133729,27774.258734,13158.894653,gun_fight
107,5.35,5.45,2512.449198,0.174656,2798.84,5580.0,10379.010449,26016.544591,24982.995257,11777.837992,gun_fight
108,5.4,5.5,2736.881378,0.165486,2668.48,5500.0,12796.230494,30313.041743,23636.4851,12426.194723,gun_fight
109,5.45,5.55,2653.845419,0.167987,2631.32,5350.0,12707.799403,29182.283338,23092.582049,11825.02718,gun_fight
110,5.5,5.6,2629.619202,0.171321,2843.34,5940.0,11815.500207,27053.08886,21037.033327,13440.578692,gun_fight
111,5.55,5.65,2594.97075,0.165069,2819.09,5850.0,11710.790751,26766.023776,20703.673089,13210.361663,gun_fight
112,5.6,5.7,2781.09361,0.155898,2506.32,5450.0,15066.32645,27199.124841,18874.798028,11253.111198,gun_fight
113,5.65,5.75,2990.810712,0.162568,2634.77,5610.0,15591.087772,29848.098808,21511.515574,12280.473443,gun_fight
114,5.7,5.8,2496.19383,0.162151,2724.87,5740.0,9633.778651,29799.504956,20099.688968,12277.607323,gun_fight
115,5.75,5.85,3382.317364,0.149646,2841.56,6020.0,15169.153679,36927.660095,28296.13247,18295.157771,gun_fight
116,5.8,5.9,2914.143044,0.152564,2551.88,5270.0,13903.027206,30375.239993,24853.401141,13088.941863,gun_fight
117,5.85,5.95,2705.764302,0.161734,2757.44,5430.0,12271.805166,28399.001931,25079.602908,13389.138915,gun_fight
118,5.9,6.0,2467.542455,0.172572,2788.06,5440.0,10219.756922,27231.851073,23101.237696,12627.888657,gun_fight
119,5.95,6.05,863.226973,0.164235,2847.38,5730.0,2538.182213,10203.686463,7954.773318,4574.873562,gun_fight
120,6.0,6.1,1477.417384,0.147145,2705.87,5770.0,7515.736657,15220.209108,11193.676605,7647.963012,gun_fight
121,6.05,6.15,1746.706102,0.17674,2647.02,5520.0,7878.177233,18645.646489,15089.56322,8801.194169,gun_fight
122,6.1,6.2,1460.347838,0.177991,2803.78,5750.0,5938.060884,16679.391544,14301.508788,8016.766502,gun_fight
123,6.15,6.25,1663.490343,0.167987,3060.29,6240.0,7566.455257,16378.447437,17172.249221,10293.227444,gun_fight
124,6.2,6.3,1343.038651,0.185911,3178.01,6290.0,4532.545163,14605.045576,15186.476544,8644.117264,gun_fight
125,6.25,6.35,1692.391083,0.190913,3005.53,6100.0,6603.371167,17243.600492,16955.579563,8859.240393,gun_fight
126,6.3,6.4,1697.309665,0.200083,3022.44,6110.0,6659.797492,16905.273974,17068.148012,9103.131557,gun_fight
127,6.35,6.45,471.356472,0.191747,3183.44,5990.0,707.906429,5347.428663,5556.19633,2952.406734,gun_fight
128,6.4,6.5,452.544372,0.182993,3000.14,5580.0,638.341393,5454.937016,4999.828417,2543.208981,gun_fight
129,6.45,6.55,450.769788,0.170905,2692.24,5080.0,707.080991,5663.306621,4375.114022,1920.642656,gun_fight
130,6.5,6.6,365.383329,0.1609,2820.22,5340.0,753.611912,4373.304434,3821.211516,1763.771129,gun_fight
131,6.55,6.65,333.417792,0.147561,2774.7,5260.0,690.797304,4076.694379,3216.629339,1493.088431,gun_fight
132,6.6,6.7,282.47754,0.130471,2203.19,3920.0,637.980009,3704.272799,2150.785995,611.101457,gun_fight
133,6.65,6.75,2020.488565,0.133389,2866.34,5920.0,7494.435521,25776.188484,15988.760815,10652.219772,gun_fight
134,6.7,6.8,2020.190204,0.177157,2867.89,5930.0,7503.68151,25752.805836,16023.07499,10701.549612,gun_fight
135,6.75,6.85,150.667721,0.162568,3341.14,7320.0,407.551343,1834.835711,1378.494476,1029.554521,gun_fight
136,6.8,6.9,136.970564,0.128804,2515.1,4780.0,322.792944,1743.361875,1017.051056,493.802647,gun_fight
137,6.85,6.95,159.557192,0.14506,2612.17,5030.0,348.205282,1981.735525,1254.203793,618.416487,gun_fight
138,6.9,7.0,140.81297,0.142559,2689.21,5010.0,322.627925,1810.364996,1285.954838,575.107919,gun_fight
139,6.95,7.05,115.017529,0.135056,2632.63,4660.0,296.885895,1433.422155,1066.698844,420.124974,gun_fight
140,7.0,7.1,3048.446097,0.135473,2356.5,4860.0,19780.669099,25714.789064,18663.736105,9476.825618,gun_fight
141,7.05,7.15,3515.529368,0.152147,2365.82,4870.0,22474.149305,31182.970821,23205.795121,12002.243646,gun_fight
142,7.1,7.2,1771.889641,0.180492,2806.96,5890.0,9242.469705,16880.377142,14633.141795,8180.286383,gun_fight
143,7.15,7.25,1051.555509,0.180909,2536.25,5250.0,3566.86379,10338.865333,7154.101459,3866.67822,gun_fight
144,7.2,7.3,1697.402501,0.148812,2420.68,5020.0,4805.30357,18334.773564,10501.104337,5753.455758,gun_fight
145,7.25,7.35,1538.949975,0.135056,2482.23,5060.0,3665.662347,17671.242063,9942.214935,5366.074049,gun_fight
146,7.3,7.4,1072.853347,0.14381,3023.73,5360.0,1862.74991,12089.442226,12015.646647,5403.014586,gun_fight
147,7.35,7.45,1097.519555,0.119633,2893.39,5170.0,2137.952708,12534.363704,11550.319264,4832.467673,gun_fight
148,7.4,7.5,906.88913,0.097541,2089.5,4030.0,2795.916002,10759.366977,4529.345544,2067.336299,gun_fight
149,7.45,7.55,622.001782,0.099208,2215.31,4530.0,2409.39784,6756.885403,3516.362385,1786.769995,gun_fight
150,7.5,7.6,454.205915,0.097541,2027.73,4010.0,1369.565121,5116.547756,2241.264433,928.784291,gun_fight
151,7.55,7.65,344.083157,0.092122,1959.01,3750.0,959.320237,4082.879166,1489.42472,607.124527,gun_fight
152,7.6,7.7,276.488394,0.087536,1862.07,3490.0,877.027967,3229.835461,1224.455089,465.597522,gun_fight
153,7.65,7.75,337.246629,0.093372,1715.98,3250.0,1136.578838,3412.926931,1106.408839,428.028498,gun_fight
154,7.7,7.8,391.058228,0.088787,1492.65,2820.0,1411.03002,3577.645414,1052.322503,335.166823,gun_fight
155,7.75,7.85,278.136216,0.093789,1962.34,4200.0,1176.00909,2571.448362,1025.994377,541.495376,gun_fight
156,7.8,7.9,159.710969,0.091288,2382.7,5010.0,586.504077,1579.867743,852.603974,496.44883,gun_fight
157,7.85,7.95,182.713001,0.083368,1438.24,2630.0,809.958428,1616.182688,510.231322,138.47074,gun_fight
158,7.9,8.0,192.488625,0.092539,1838.93,3290.0,790.543504,1679.550169,1353.60766,186.848292,gun_fight
159,7.95,8.05,122.602427,0.092955,2222.64,3540.0,420.966059,1147.274049,1331.712892,187.693865,gun_fight
160,8.0,8.1,775.862467,0.10296,2586.96,5180.0,3333.648774,8548.011041,6518.552851,3340.494494,gun_fight
161,8.05,8.15,806.131835,0.142976,2646.16,5390.0,3372.116363,8813.681148,6727.586214,3664.2993,gun_fight
162,8.1,8.2,235.756128,0.135473,2981.31,6450.0,1168.591948,2306.209742,2020.356105,1591.843786,gun_fight
163,8.15,8.25,218.728943,0.124635,2486.34,5080.0,744.919002,2308.733505,1573.588827,783.729011,gun_fight
164,8.2,8.3,297.233609,0.145894,2441.01,4790.0,770.000512,3356.771363,2177.008496,971.259663,gun_fight
165,8.25,8.35,2046.103517,0.155898,2422.4,5060.0,8301.350414,23422.751163,13971.712748,7764.355737,gun_fight
166,8.3,8.4,2869.543386,0.15173,2649.27,5730.0,12515.129299,31341.406412,20583.518493,13882.253985,gun_fight
167,8.35,8.45,2048.80636,0.157149,2810.45,6190.0,9121.905232,22818.678716,14962.150496,11695.022153,gun_fight
168,8.4,8.5,841.449758,0.182993,2650.87,5180.0,1301.525221,10828.762215,6313.674513,3231.869746,gun_fight
169,8.45,8.55,1202.666493,0.165902,2696.64,5250.0,1433.638144,15393.64903,9194.755489,4911.64706,gun_fight
170,8.5,8.6,1032.366763,0.155065,2747.79,5290.0,1354.338765,13167.355996,9283.566735,4537.089411,gun_fight
171,8.55,8.65,654.706716,0.168404,2760.06,5150.0,1562.740355,7673.227433,6787.645587,2749.67329,gun_fight
172,8.6,8.7,639.893739,0.159233,2743.96,5390.0,1905.691655,7348.603963,5780.254029,2862.752442,gun_fight
173,8.65,8.75,2918.987885,0.180075,2988.26,6180.0,13661.372552,30338.004611,28690.424146,16494.162617,gun_fight
174,8.7,8.8,2906.902337,0.193414,2995.91,6180.0,13588.245115,29880.440822,28567.964604,16548.471853,gun_fight
175,8.75,8.85,400.042062,0.158816,3077.79,6020.0,1142.375924,4369.5892,4366.394435,2297.807819,gun_fight
176,8.8,8.9,1943.002244,0.136724,2270.62,4870.0,11487.155425,19219.139623,10374.884479,6473.927614,gun_fight
177,8.85,8.95,1983.916087,0.115882,2291.61,4900.0,11549.196436,19344.12803,10877.67999,6608.572735,gun_fight
178,8.9,9.0,1547.334474,0.122968,2577.77,5500.0,4655.423691,17426.73001,9305.463634,6663.827712,gun_fight
179,8.95,9.05,1805.201231,0.131722,2482.61,5370.0,4670.111788,22126.136328,9842.16448,7311.588496,gun_fight
180,9.0,9.1,1160.311112,0.108795,2190.31,4750.0,3386.903436,14329.962248,5288.062745,3429.185877,gun_fight
181,9.05,9.15,609.455934,0.105044,1969.4,4020.0,2034.896215,7277.371967,2745.593614,1346.79423,gun_fight
182,9.1,9.2,551.517327,0.11088,2146.7,4030.0,1184.388227,7003.266731,3726.117266,1312.196099,gun_fight
183,9.15,9.25,550.726148,0.132138,2410.0,4630.0,1315.009578,6930.961026,4313.526632,1797.966247,gun_fight
184,9.2,9.3,401.60118,0.126303,2597.05,5160.0,1016.3634,4881.759999,2851.888747,1482.977057,gun_fight
185,9.25,9.35,352.855064,0.102126,2006.85,3600.0,1106.82522,4269.785778,1596.436559,667.175932,gun_fight
186,9.3,9.4,250.66188,0.096707,2242.44,4350.0,973.236665,2853.946953,1270.817865,616.039268,gun_fight
187,9.35,9.45,220.40556,0.093789,2021.59,3700.0,812.044886,2564.818176,1113.10758,416.404133,gun_fight
188,9.4,9.5,198.946954,0.093789,1869.87,3350.0,702.108792,2329.818164,985.622862,312.64255,gun_fight
189,9.45,9.55,149.501175,0.091705,1883.56,3360.0,494.328627,1816.715288,712.86793,232.700557,gun_fight
190,9.5,9.6,116.949747,0.093372,1970.4,3890.0,449.750001,1381.334862,583.31662,232.150617,gun_fight
191,9.55,9.65,103.574943,0.092539,1981.74,3960.0,395.171301,1216.279902,485.756826,212.741261,gun_fight
192,9.6,9.7,99.983024,0.089621,1589.08,2740.0,338.97979,1248.061979,351.767677,98.781533,gun_fight
193,9.65,9.75,102.259087,0.078783,1489.52,2640.0,414.947435,1143.26048,324.785521,86.904328,gun_fight
194,9.7,9.8,94.392631,0.072113,1487.64,2640.0,390.936357,1020.510104,294.518969,74.164606,gun_fight
195,9.75,9.85,79.335401,0.075031,1442.27,2610.0,351.152741,872.207628,240.882753,68.302245,gun_fight
196,9.8,9.9,84.214431,0.071697,1379.02,2350.0,353.267897,877.93113,214.565328,64.396861,gun_fight
197,9.85,9.95,83.282106,0.070029,1394.07,2280.0,332.617685,902.177312,191.224071,63.708611,gun_fight
198,9.9,10.0,65.358352,0.06461,1579.73,2780.0,292.939689,651.210954,162.940251,71.37705,gun_fight
199,9.95,10.05,60.999136,0.065027,1555.96,2780.0,255.870867,582.051814,156.103017,60.152511,gun_fight
200,10.0,10.1,52.32454,0.071697,1504.12,2660.0,252.52009,536.612474,143.919089,50.714002,gun_fight
201,10.05,10.15,49.899353,0.059608,1566.5,2840.0,225.018496,446.961996,120.34364,55.122235,gun_fight
202,10.1,10.2,50.966525,0.05544,1524.09,2790.0,222.048896,432.154256,110.327621,56.148563,gun_fight
203,10.15,10.25,52.221615,0.042518,1424.29,2670.0,239.590124,363.384956,100.0219,46.958736,gun_fight
204,10.2,10.3,53.69252,0.030429,1706.49,3400.0,281.35152,316.709874,105.536633,63.893531,gun_fight
205,10.25,10.35,62.042479,0.028762,1668.33,3240.0,256.811295,321.325046,98.199499,58.469888,gun_fight
206,10.3,10.4,63.30131,0.021676,1717.01,3390.0,193.461387,285.493339,81.582513,51.461769,gun_fight
207,10.35,10.45,46.42883,0.042935,1869.27,4150.0,250.797448,252.876171,87.295962,67.333545,gun_fight
208,10.4,10.5,34.591419,0.052522,1719.15,3400.0,145.471232,222.598947,64.347724,41.729902,gun_fight
209,10.45,10.55,611.603509,0.05669,3047.57,6220.0,1475.954877,8054.559294,6104.643192,3779.823088,gun_fight
210,10.5,10.6,3385.081812,0.123385,2781.89,5910.0,15411.342764,34106.281428,29902.358504,16112.537072,gun_fight
211,10.55,10.65,3732.446467,0.151313,2815.27,5930.0,16089.474865,40544.445165,32457.990437,18123.132595,gun_fight
212,10.6,10.7,3346.293035,0.158816,2872.33,5860.0,14529.504352,35685.951205,30774.072416,17498.248369,gun_fight
213,10.65,10.75,2947.207267,0.173406,2781.17,5700.0,13366.658629,28985.206331,26696.752068,14325.396361,gun_fight
214,10.7,10.8,3156.304132,0.173822,2516.05,5320.0,16147.446851,34515.957876,24008.216618,13008.396301,gun_fight
215,10.75,10.85,3158.196193,0.19133,2562.35,5480.0,16060.116017,34673.352461,24199.790179,13564.137155,gun_fight
216,10.8,10.9,2619.998193,0.166319,2830.74,5860.0,11316.02354,29745.42584,22826.240121,13625.468534,gun_fight
217,10.85,10.95,3477.995378,0.15298,2757.08,5700.0,15978.263047,37256.815077,28005.525408,16029.824119,gun_fight
218,10.9,11.0,2593.738955,0.155898,2554.41,5330.0,14031.495333,27555.659087,18543.986873,11189.090429,gun_fight
219,10.95,11.05,2753.146636,0.158399,2598.66,5420.0,15992.987396,27122.011595,20941.170861,11827.332466,gun_fight
220,11.0,11.1,2663.952947,0.1609,2536.2,5210.0,15074.199628,26666.736681,20875.744118,10927.173182,gun_fight
221,11.05,11.15,2724.672206,0.153814,2736.37,5440.0,10763.908636,31395.424112,24102.158459,12527.262326,gun_fight
222,11.1,11.2,2660.83419,0.155898,2729.54,5400.0,10466.947808,30280.154468,23757.726348,12169.115799,gun_fight
223,11.15,11.25,3731.863297,0.155481,2586.02,5360.0,18491.172646,37434.849378,29167.105076,15291.906863,gun_fight
224,11.2,11.3,3835.458227,0.135473,2593.03,5410.0,18933.010536,37770.059285,29679.980424,15782.879116,gun_fight
225,11.25,11.35,2727.649948,0.135473,2422.61,5260.0,14490.048445,29055.577502,17740.829536,10723.478295,gun_fight
226,11.3,11.4,3329.448788,0.154231,2476.82,5080.0,16122.36579,35208.238774,23620.868587,12527.517655,gun_fight
227,11.35,11.45,2733.155997,0.162151,2521.56,5070.0,12517.436422,30217.1752,22535.948118,11728.024035,gun_fight
228,11.4,11.5,3073.578816,0.183827,2558.17,5380.0,13598.359677,33445.940234,26677.647505,13849.087942,gun_fight
229,11.45,11.55,2764.652084,0.178408,2339.39,4720.0,12258.608099,30119.576362,24010.433366,9854.025904,gun_fight
230,11.5,11.6,1078.947419,0.157566,2559.03,5400.0,4114.28122,12256.886863,9318.121692,5030.375463,gun_fight
231,11.55,11.65,838.470578,0.147145,2640.34,4900.0,1068.825064,10466.45944,7300.782338,2930.414265,gun_fight
232,11.6,11.7,858.00403,0.140475,2606.14,4800.0,1022.166281,10496.287411,7093.982204,2780.503339,gun_fight
233,11.65,11.75,666.948905,0.146311,2776.65,5270.0,1004.905531,8021.440252,5517.963423,2698.078981,gun_fight
234,11.7,11.8,498.891951,0.142143,2681.79,5000.0,784.625889,6316.280137,4269.234521,1879.180381,gun_fight
235,11.75,11.85,381.749307,0.123802,2291.52,4230.0,759.609393,4951.713725,2792.817555,915.920759,gun_fight
236,11.8,11.9,309.259952,0.119633,2183.44,4050.0,720.87203,4087.934656,2039.906246,666.287081,gun_fight
237,11.85,11.95,237.578199,0.113381,1997.28,3470.0,506.074555,3081.861413,1492.413097,365.187032,gun_fight
238,11.9,12.0,183.344287,0.105461,1942.86,3350.0,445.508886,2306.370497,1056.31535,251.864363,gun_fight
239,11.95,12.05,165.323454,0.098374,1709.17,2980.0,444.733871,2059.04498,802.190644,153.454117,gun_fight
240,12.0,12.1,2383.231497,0.116298,2913.4,6010.0,13710.103616,21828.201019,22426.159813,13658.163898,gun_fight
241,12.05,12.15,3328.505445,0.16882,2813.18,6020.0,19743.358333,27958.761555,26543.543877,16945.255939,gun_fight
242,12.1,12.2,3712.288402,0.185494,2669.39,5900.0,21570.092916,33384.999674,26654.246573,17787.538473,gun_fight
243,12.15,12.25,2941.165181,0.180492,2739.27,5960.0,15355.367513,29422.144287,23607.696721,14755.514523,gun_fight
244,12.2,12.3,918.726091,0.177574,2886.45,6020.0,2567.207923,11065.607116,7104.072896,4596.38655,gun_fight
245,12.25,12.35,1832.723273,0.150063,2526.79,5100.0,5300.848876,20106.145473,12376.125716,6707.800829,gun_fight
246,12.3,12.4,1847.965836,0.136724,2551.05,5050.0,4915.279845,20455.276366,12832.777016,6460.287306,gun_fight
247,12.35,12.45,1152.400885,0.147145,2883.64,4970.0,2126.678465,13508.763248,14380.714021,4780.580322,gun_fight
248,12.4,12.5,1077.357019,0.132555,2869.78,4930.0,1821.0341,12097.508111,13386.027151,4164.362623,gun_fight
249,12.45,12.55,866.192579,0.116298,2179.68,4130.0,1988.194237,10806.904592,4479.122728,1998.336821,gun_fight
250,12.5,12.6,695.945568,0.104627,2203.98,4350.0,1893.214526,8007.511197,3484.437868,1679.003002,gun_fight
251,12.55,12.65,500.72977,0.105044,2100.96,4030.0,1341.927861,5959.725135,2641.978621,1114.679556,gun_fight
252,12.6,12.7,332.256654,0.110463,1964.58,3720.0,973.007444,4073.856083,1829.773223,602.036773,gun_fight
253,12.65,12.75,262.19344,0.097957,1958.42,3690.0,960.834943,2921.69405,1468.322638,434.063272,gun_fight
254,12.7,12.8,363.292107,0.087953,1780.84,3370.0,1207.384706,3579.538374,1230.710401,439.561727,gun_fight
255,12.75,12.85,416.521146,0.079617,1441.97,2570.0,1424.441842,3856.905131,1055.568264,293.30872,gun_fight
256,12.8,12.9,284.639943,0.074614,1802.15,3440.0,1216.68722,2666.695821,883.210346,378.077397,gun_fight
257,12.85,12.95,159.690632,0.077115,1612.87,3030.0,620.599375,1715.593873,633.814641,157.442678,gun_fight
258,12.9,13.0,202.046068,0.077532,1481.11,2590.0,847.894401,1842.536135,552.575228,149.478042,gun_fight
259,12.95,13.05,211.246275,0.084202,1668.8,3040.0,884.648425,1849.369225,1081.606596,206.619673,gun_fight
260,13.0,13.1,132.521679,0.088787,1970.16,3300.0,444.751811,1357.072738,1059.554994,202.690788,gun_fight
261,13.05,13.15,109.65467,0.082534,1497.62,2740.0,399.366127,1167.86929,360.296796,88.43288,gun_fight
262,13.1,13.2,116.889987,0.080033,1432.83,2600.0,439.520326,1203.065103,363.463078,77.250588,gun_fight
263,13.15,13.25,94.810533,0.076282,1497.96,2610.0,386.916252,976.649423,313.200157,71.602968,gun_fight
264,13.2,13.3,92.179121,0.073781,1490.16,2620.0,421.618973,886.960977,275.144336,74.749493,gun_fight
265,13.25,13.35,85.451816,0.076282,1598.94,2740.0,392.541576,854.139664,256.54055,85.904734,gun_fight
266,13.3,13.4,71.313802,0.075448,1462.68,2490.0,282.674398,725.463119,198.303507,55.182606,gun_fight
267,13.35,13.45,61.343191,0.074614,1664.83,2870.0,252.953805,664.053831,172.287751,70.649023,gun_fight
268,13.4,13.5,66.845537,0.070863,1427.9,2510.0,298.083392,627.834137,161.519578,53.933547,gun_fight
269,13.45,13.55,76.659091,0.065861,1314.27,2170.0,361.110985,674.546204,150.454477,50.319396,gun_fight
270,13.5,13.6,597.828028,0.086703,2989.27,5290.0,3031.991392,4903.115903,8345.220063,2933.945139,gun_fight
271,13.55,13.65,1020.981976,0.142143,2914.15,5540.0,4780.209459,9202.968082,12618.580196,4994.315711,gun_fight
272,13.6,13.7,1073.53317,0.17674,2983.35,5770.0,4106.962672,9823.12324,12295.463121,5509.589311,gun_fight
273,13.65,13.75,969.248802,0.170071,2949.48,5780.0,3409.661817,9831.838783,10343.427302,5095.010201,gun_fight
274,13.7,13.8,1009.367059,0.172989,2966.93,5860.0,3828.744876,9900.647025,10589.476509,5409.936748,gun_fight
275,13.75,13.85,1050.963627,0.186328,3134.96,6340.0,3881.903436,10424.12105,11282.809286,6058.960811,gun_fight
276,13.8,13.9,1045.65146,0.179241,3114.15,6390.0,3758.246309,10540.839044,10914.409211,6326.68455,gun_fight
277,13.85,13.95,1010.671753,0.181326,3180.4,6440.0,3765.658921,10300.284723,10683.434257,6339.190221,gun_fight
278,13.9,14.0,1995.200079,0.197999,2669.26,5290.0,9206.257622,21820.694971,17597.531516,9202.864857,gun_fight
279,13.95,14.05,2915.533721,0.179658,2510.67,5210.0,13385.645298,31791.467148,23750.101406,12936.157237,gun_fight
280,14.0,14.1,2349.820946,0.152564,2662.02,5590.0,11115.734118,23875.377563,19092.524903,11375.945015,gun_fight
281,14.05,14.15,2031.647838,0.178825,2512.09,5560.0,11724.036445,20262.605236,12575.059623,8510.262722,gun_fight
282,14.1,14.2,2133.281711,0.180492,2478.02,5340.0,11436.189941,22097.373231,13698.739408,8412.793815,gun_fight
283,14.15,14.25,1632.414384,0.15298,2485.38,4920.0,4718.161938,19331.341689,11714.483746,5727.589651,gun_fight
284,14.2,14.3,1595.070046,0.133389,2252.97,4480.0,3843.942791,19567.218791,9369.455979,4341.434939,gun_fight
285,14.25,14.35,1098.731448,0.106294,2127.86,4280.0,3095.007181,13518.319506,5664.471368,2855.689282,gun_fight
286,14.3,14.4,738.911555,0.106711,2068.69,3980.0,1790.911736,9159.794858,3971.559159,1554.947678,gun_fight
287,14.35,14.45,614.55902,0.111713,2173.84,4020.0,1094.092094,8013.047982,4057.59443,1262.689691,gun_fight
288,14.4,14.5,969.030901,0.141726,3065.7,6810.0,3814.165598,12087.097609,7050.728815,5753.769466,gun_fight
289,14.45,14.55,1368.002095,0.164235,2716.6,5830.0,6440.494969,14973.545045,10609.568946,6390.159325,gun_fight
290,14.5,14.6,1095.723793,0.139642,2792.19,5660.0,5038.150911,11844.543107,8944.472908,4558.197898,gun_fight
291,14.55,14.65,1487.309799,0.164652,3017.5,6200.0,7361.561427,14205.814089,14545.859707,8706.576436,gun_fight
292,14.6,14.7,1502.592714,0.19258,3028.66,6210.0,7372.925026,14373.909944,14770.619211,8899.626179,gun_fight
293,14.65,14.75,1594.442209,0.19925,2903.04,5980.0,7347.783725,16030.114346,15051.5964,8826.494658,gun_fight
294,14.7,14.8,1609.461167,0.196749,2871.28,5930.0,7345.997389,16407.507391,15155.702934,8716.813176,gun_fight
295,14.75,14.85,459.35864,0.178408,2796.36,5300.0,831.996282,5442.166174,4712.474461,2138.700014,gun_fight
296,14.8,14.9,445.78627,0.180075,2829.05,5420.0,670.108801,5318.820891,4400.820758,2122.927526,gun_fight
297,14.85,14.95,526.7933,0.173822,2839.53,5700.0,1835.314681,5814.303406,5316.21754,2754.909447,gun_fight
298,14.9,15.0,496.28505,0.162985,2916.46,5820.0,1940.618741,4967.008994,5398.362467,2559.553276,gun_fight
299,14.95,15.05,437.389739,0.158816,2912.05,5630.0,1437.902521,4647.311538,4790.634766,2207.894464,gun_fight
300,15.0,15.1,417.228051,0.155898,2930.68,5720.0,1372.814309,4454.995681,4415.087968,2148.721545,gun_fight
301,15.05,15.15,387.492115,0.159233,3024.06,5980.0,1281.619873,3914.204815,4259.020317,2236.51033,gun_fight
302,15.1,15.2,284.170719,0.141309,2970.56,5960.0,1010.179317,2994.553713,2920.39485,1676.651321,gun_fight
303,15.15,15.25,131.246021,0.106294,1792.09,3290.0,339.603,1627.802211,697.212703,155.478087,gun_fight
304,15.2,15.3,145.468124,0.093789,1861.68,3350.0,348.875178,1843.637309,734.440835,183.14956,gun_fight
305,15.25,15.35,139.192747,0.097124,1823.66,3350.0,344.674496,1751.26567,720.121779,197.499704,gun_fight
306,15.3,15.4,101.431286,0.111296,2124.94,3960.0,250.600068,1242.83844,737.799377,220.353199,gun_fight
307,15.35,15.45,83.791378,0.121301,2252.98,4140.0,221.073966,963.159177,738.403147,211.498137,gun_fight
308,15.4,15.5,75.01521,0.115048,2266.68,4210.0,202.871456,871.057164,603.646464,191.643022,gun_fight
309,15.45,15.55,67.953498,0.101709,2072.32,3970.0,202.010975,813.119253,385.980416,138.856885,gun_fight
310,15.5,15.6,61.583135,0.090871,1717.5,3090.0,196.965937,749.941651,256.490133,68.301969,gun_fight
311,15.55,15.65,52.003481,0.086703,1688.2,2980.0,197.952064,619.427096,219.625576,56.477228,gun_fight
312,15.6,15.7,42.333566,0.093789,2084.57,3810.0,140.17495,499.162931,214.685797,77.649404,gun_fight
313,15.65,15.75,2352.389485,0.150063,2897.57,5870.0,12913.503001,20011.369611,24717.847081,12869.866119,gun_fight
314,15.7,15.8,3139.510429,0.204669,2958.1,6040.0,15963.799029,25265.610073,29841.531976,16314.207059,gun_fight
315,15.75,15.85,2745.486925,0.180075,2997.42,6190.0,14031.217086,22530.06845,26256.44069,14539.614695,gun_fight
316,15.8,15.9,2483.25645,0.155065,3178.12,6560.0,9963.907563,19252.943968,23400.102423,14323.257309,gun_fight
317,15.85,15.95,1824.933558,0.149229,2966.45,6310.0,9001.074983,17832.469056,17385.071113,10659.479707,gun_fight
318,15.9,16.0,914.297255,0.155065,2845.3,5610.0,1919.824747,10652.652591,7683.168385,4214.010032,gun_fight
319,15.95,16.05,994.076097,0.180075,2951.24,5560.0,1269.448354,11641.477102,9112.726494,4507.905132,gun_fight
320,16.0,16.1,906.993033,0.182993,2984.35,5460.0,841.141895,11046.707277,9288.17753,4083.431669,gun_fight
321,16.05,16.15,695.625844,0.162151,3105.54,5690.0,745.846874,8186.947276,7842.296016,3342.780699,gun_fight
322,16.1,16.2,2992.789272,0.148812,2496.84,5240.0,10923.132728,32907.174488,21069.315212,11123.693762,gun_fight
323,16.15,16.25,3428.880966,0.162151,2557.69,5410.0,12706.171547,39952.379383,24295.164492,14249.733892,gun_fight
324,16.2,16.3,1762.560446,0.185077,2802.2,5830.0,6767.136198,22485.474415,13798.222628,9459.803024,gun_fight
325,16.25,16.35,1070.694377,0.190079,2580.51,4870.0,1613.031896,13594.483293,8952.73002,3637.3421,gun_fight
326,16.3,16.4,1159.200376,0.174656,2519.68,4690.0,1419.174987,14667.459573,9749.734051,3548.640177,gun_fight
327,16.35,16.45,694.470141,0.167153,2840.82,5160.0,995.442443,8625.031074,7276.522524,2826.739226,gun_fight
328,16.4,16.5,562.224823,0.164235,2590.17,4640.0,952.997499,7019.709822,5767.896989,1887.912783,gun_fight
329,16.45,16.55,520.257616,0.142976,2431.91,4550.0,841.710155,6770.667824,4055.183827,1560.296854,gun_fight
330,16.5,16.6,453.164991,0.120884,2232.79,4160.0,940.398172,5960.956221,2895.866167,1082.721699,gun_fight
331,16.55,16.65,343.256305,0.111713,2125.5,3880.0,547.799984,4670.926771,2022.332444,701.206842,gun_fight
332,16.6,16.7,227.593341,0.107962,2037.51,3710.0,408.11759,3040.269326,1371.219858,369.611636,gun_fight
333,16.65,16.75,152.390819,0.11213,2014.89,3640.0,320.269211,2023.450753,1013.747994,225.454997,gun_fight
334,16.7,16.8,139.760797,0.110046,1795.38,3300.0,467.176189,1728.350655,837.797685,153.529164,gun_fight
335,16.75,16.85,160.862163,0.090871,1609.62,2890.0,528.493972,1847.44397,660.680201,136.611497,gun_fight
336,16.8,16.9,143.330101,0.092539,1581.52,2800.0,431.167512,1716.707369,544.93436,116.682305,gun_fight
337,16.85,16.95,100.910468,0.091705,1670.95,2940.0,263.714244,1254.999994,429.814884,95.902351,gun_fight
338,16.9,17.0,102.491595,0.087953,1570.86,2730.0,369.897934,1185.052299,379.621601,85.296755,gun_fight
339,16.95,17.05,97.97168,0.090871,1534.72,2770.0,407.027348,1059.277638,433.578633,63.393271,gun_fight
340,17.0,17.1,3030.786089,0.100459,2370.16,4870.0,19617.0781,25224.083876,19045.629795,9445.997163,gun_fight
341,17.05,17.15,4232.589254,0.129221,2535.99,5510.0,23748.240726,38347.185429,29034.304152,15919.853837,gun_fight
342,17.1,17.2,3105.554354,0.114631,2756.7,5970.0,14895.866911,30645.368567,23452.204964,14231.47173,gun_fight
343,17.15,17.25,1398.550583,0.123802,2581.82,5690.0,6937.777876,14445.107003,9722.145549,6069.221138,gun_fight
344,17.2,17.3,1877.380027,0.149646,2428.84,4860.0,5229.150535,20689.146416,12545.486092,5769.487988,gun_fight
345,17.25,17.35,1876.418497,0.136307,2524.83,4950.0,4079.596687,21968.317603,13857.461455,6338.251728,gun_fight
346,17.3,17.4,1304.91862,0.152564,2869.75,5210.0,2308.934823,15751.964936,13969.263532,5917.044099,gun_fight
347,17.35,17.45,1132.357534,0.139225,2849.35,5110.0,2011.293671,13304.518472,12336.46599,4795.751411,gun_fight
348,17.4,17.5,968.037238,0.11213,2089.61,3860.0,2146.919082,12042.032445,5636.960175,1984.60754,gun_fight
349,17.45,17.55,736.139222,0.100875,2087.86,3880.0,1818.67841,8822.323629,4031.811502,1402.933588,gun_fight
350,17.5,17.6,559.859955,0.098374,1982.87,3830.0,1533.99587,6824.568591,2927.359341,1014.486035,gun_fight
351,17.55,17.65,356.779397,0.110463,1951.65,3640.0,1072.854461,4340.54433,1900.995012,632.193041,gun_fight
352,17.6,17.7,251.172102,0.112964,1963.96,3660.0,820.332234,2967.887943,1494.634839,413.589671,gun_fight
353,17.65,17.75,357.288478,0.101292,1631.19,3130.0,1266.732574,3611.475928,1309.503067,338.419198,gun_fight
354,17.7,17.8,426.06911,0.075865,1412.26,2650.0,1645.941964,3827.28056,1101.496386,301.81039,gun_fight
355,17.75,17.85,307.555614,0.075448,1454.23,2650.0,1422.704195,2702.592674,840.931494,226.511305,gun_fight
356,17.8,17.9,170.087856,0.080033,1525.76,2840.0,683.296704,1730.082403,604.281065,132.482042,gun_fight
357,17.85,17.95,199.582614,0.077949,1364.96,2450.0,874.558886,1800.914595,521.708254,112.947471,gun_fight
358,17.9,18.0,209.193183,0.084202,1825.05,3250.0,858.660125,1947.80567,1428.989253,194.909799,gun_fight
359,17.95,18.05,138.275456,0.082118,2143.37,3480.0,448.555178,1394.37046,1418.421739,190.38771,gun_fight
360,18.0,18.1,1749.734205,0.140475,3092.06,6270.0,7817.638411,18348.064194,14579.833983,11548.038374,gun_fight
361,18.05,18.15,1913.752908,0.177574,3002.99,6250.0,9244.101127,20050.454143,15075.7541,12030.143829,gun_fight
362,18.1,18.2,1813.790615,0.172155,3004.7,6460.0,8906.565521,18436.520724,15642.119656,11082.19922,gun_fight
363,18.15,18.25,1849.609085,0.180909,3019.94,6430.0,8014.616982,19684.417727,16432.585199,11396.507231,gun_fight
364,18.2,18.3,1650.580046,0.166319,2912.65,6120.0,6626.343054,18380.12271,14725.395589,8687.601561,gun_fight
365,18.25,18.35,1454.88139,0.170905,2946.52,6210.0,6089.66047,16123.479048,13733.378428,7900.862195,gun_fight
366,18.3,18.4,1490.518296,0.180909,3088.46,6270.0,5951.223933,15597.714403,14764.713066,8881.882261,gun_fight
367,18.35,18.45,1532.135628,0.189662,3101.64,6300.0,5955.491837,16174.714835,15539.982814,9168.385119,gun_fight
368,18.4,18.5,1392.673185,0.185911,2889.37,5940.0,5478.258869,14615.101055,13509.8778,8227.516929,gun_fight
369,18.45,18.55,1364.102228,0.191747,2785.19,5620.0,5369.604676,14416.045534,13605.329037,7483.617166,gun_fight
370,18.5,18.6,2203.566901,0.198416,3302.25,6620.0,7663.920712,24446.537442,21854.275607,16774.282495,gun_fight
371,18.55,18.65,2676.477026,0.17549,3044.65,6370.0,11595.08466,28945.630108,23974.820548,17708.235644,gun_fight
372,18.6,18.7,3193.045876,0.170071,2688.98,5620.0,16285.71198,34062.741959,25391.526242,14703.627834,gun_fight
373,18.65,18.75,3057.872513,0.182576,2662.88,5620.0,14578.600624,34147.490217,24160.087136,14474.045213,gun_fight
374,18.7,18.8,2976.992723,0.179241,2957.89,6260.0,13271.959566,31589.154342,25852.757914,18068.312447,gun_fight
375,18.75,18.85,2881.320145,0.173822,2999.64,6240.0,12063.723262,31342.447757,26252.607867,17966.101063,gun_fight
376,18.8,18.9,2845.354088,0.164235,2913.49,6090.0,12765.994577,32232.828218,24729.342125,16611.191265,gun_fight
377,18.85,18.95,2875.544489,0.17674,2902.88,6030.0,12643.426196,32391.927742,25206.407403,16501.072887,gun_fight
378,18.9,19.0,1756.933326,0.190496,3043.08,5980.0,6122.135633,20208.111389,16614.945942,11208.847002,gun_fight
379,18.95,19.05,1772.653042,0.180909,2950.85,5790.0,5883.959159,20274.353133,17086.612198,10580.336834,gun_fight
380,19.0,19.1,1868.572433,0.185077,2908.33,5760.0,6195.516696,20690.841999,19160.147174,10273.846208,gun_fight
381,19.05,19.15,1628.698421,0.186328,2921.68,5890.0,6374.257387,16822.107766,16531.006033,9240.679453,gun_fight
382,19.1,19.2,912.236614,0.170071,2873.37,5490.0,2088.444243,10923.420403,9551.162023,4923.347915,gun_fight
383,19.15,19.25,807.158284,0.155898,2555.89,4740.0,1675.362168,10364.253346,7547.050785,2906.9105,gun_fight
384,19.2,19.3,696.563487,0.148812,2663.97,4940.0,1451.016765,8771.285428,6660.184986,2712.342122,gun_fight
385,19.25,19.35,2284.680775,0.145894,2257.42,4760.0,9296.684363,26210.916457,15557.921304,7323.532342,gun_fight
386,19.3,19.4,2981.012743,0.132138,2379.81,4980.0,12816.015459,31791.532758,21990.582662,10965.502495,gun_fight
387,19.35,19.45,1996.073242,0.135056,2505.61,5210.0,8915.382101,22192.335902,15880.775463,8652.878993,gun_fight
388,19.4,19.5,869.442901,0.157149,2338.34,4480.0,1611.213901,11373.980144,5959.525563,2508.865081,gun_fight
389,19.45,19.55,1247.878485,0.155898,2382.72,4550.0,1769.895249,15908.753917,9042.404434,3554.392405,gun_fight
390,19.5,19.6,1089.010359,0.157149,2526.04,4690.0,1603.773849,13424.72915,9738.12567,3511.622696,gun_fight
391,19.55,19.65,640.589165,0.162151,2550.43,4540.0,982.671163,7887.062833,6450.501134,1974.053553,gun_fight
392,19.6,19.7,565.774984,0.144227,2294.57,4110.0,1002.81765,7153.201507,4167.357422,1351.33074,gun_fight
393,19.65,19.75,527.112566,0.123385,2153.66,3830.0,1115.639254,6742.03599,3406.848105,1095.434066,gun_fight
394,19.7,19.8,379.809222,0.112547,2181.18,3870.0,736.137001,4832.140833,2559.355824,776.970403,gun_fight
395,19.75,19.85,269.375702,0.103793,1980.91,3490.0,584.230927,3551.164952,1546.253617,398.420657,gun_fight
396,19.8,19.9,220.32637,0.099208,1769.8,3100.0,548.259168,2939.607906,1095.543654,245.00549,gun_fight
397,19.85,19.95,175.490955,0.092122,1903.58,3380.0,534.345817,2174.720648,907.212825,241.656916,gun_fight
398,19.9,20.0,186.457092,0.086703,1539.87,2650.0,588.026511,2284.177102,706.685789,146.483305,gun_fight
399,19.95,20.05,179.119889,0.08837,1468.45,2520.0,541.69135,2151.479994,571.907513,117.290784,gun_fight
400,20.0,20.1,134.51125,0.085035,1515.02,2610.0,410.520181,1652.625562,460.316551,95.280365,gun_fight
401,20.05,20.15,1981.097461,0.11088,2916.36,5870.0,7252.421463,24672.356908,17986.175123,10675.799292,gun_fight
402,20.1,20.2,2003.802127,0.176323,2920.25,5860.0,7299.851053,24824.608323,18328.580285,10805.685258,gun_fight
403,20.15,20.25,323.263163,0.150479,3078.53,5760.0,1052.373462,3171.610169,4281.884358,1791.559562,gun_fight
404,20.2,20.3,132.585513,0.100042,2480.81,4830.0,393.912049,1702.065159,775.96954,396.056679,gun_fight
405,20.25,20.35,178.870074,0.116715,2438.94,4620.0,513.461898,2238.270653,1203.509672,545.205497,gun_fight
406,20.3,20.4,2044.086145,0.157149,2179.64,4510.0,12346.694137,20150.080934,10038.401966,6032.451766,gun_fight
407,20.35,20.45,2075.274363,0.110046,2180.23,4500.0,12355.291907,20210.514252,10243.118007,6071.348572,gun_fight
408,20.4,20.5,1492.621733,0.082534,2284.56,4930.0,4616.76027,16950.091785,6921.856406,4521.827699,gun_fight
409,20.45,20.55,1785.842477,0.120884,2259.12,4960.0,4556.951226,21990.879961,7636.266913,5559.969518,gun_fight
410,20.5,20.6,1180.834245,0.099625,2161.37,4900.0,3268.570604,14373.295486,4356.639499,3433.772915,gun_fight
411,20.55,20.65,595.413893,0.09504,2010.49,4420.0,1805.072084,7042.969289,1994.053563,1473.577608,gun_fight
412,20.6,20.7,548.472288,0.110046,2253.1,4380.0,1123.58729,6728.288268,3594.216713,1516.759453,gun_fight
413,20.65,20.75,560.877428,0.134639,2463.22,4860.0,1388.607095,6815.987336,4183.31049,1975.808525,gun_fight
414,20.7,20.8,403.941527,0.125469,2566.52,5380.0,1117.333461,4778.188159,2530.40636,1536.660929,gun_fight
415,20.75,20.85,330.428809,0.107962,2073.62,3830.0,1032.387726,3988.31407,1474.666134,677.371815,gun_fight
416,20.8,20.9,220.010893,0.105044,2070.56,3940.0,878.470914,2499.171278,1119.348417,480.503184,gun_fight
417,20.85,20.95,197.845211,0.098791,1976.76,3630.0,796.203169,2316.450336,1033.958249,385.84149,gun_fight
418,20.9,21.0,179.130763,0.095456,1917.24,3460.0,648.607117,2197.131144,883.664622,318.68267,gun_fight
419,20.95,21.05,136.001598,0.090871,1840.71,3410.0,469.702719,1630.383815,534.52132,223.923169,gun_fight
420,21.0,21.1,2364.635825,0.130471,2894.6,5930.0,13821.992524,21493.578784,21518.754783,12959.657833,gun_fight
421,21.05,21.15,2430.674754,0.186328,2928.96,6030.0,14006.550508,22077.286018,22362.658711,13790.584899,gun_fight
422,21.1,21.2,2073.861314,0.187578,3023.71,6410.0,11242.778901,17911.852544,20015.511833,13153.616758,gun_fight
423,21.15,21.25,2059.979083,0.1609,2981.91,6340.0,11131.330192,18311.19032,19483.543075,12796.702056,gun_fight
424,21.2,21.3,658.488275,0.15298,2959.17,6020.0,1265.324419,8000.467844,4638.012239,3618.684734,gun_fight
425,21.25,21.35,810.161615,0.165902,2774.09,5410.0,1303.086607,10234.952583,6785.876571,3560.354887,gun_fight
426,21.3,21.4,798.677148,0.16757,2770.47,5310.0,1053.635879,10285.319634,6997.756492,3405.028494,gun_fight
427,21.35,21.45,518.751973,0.167153,3098.98,5790.0,699.163214,6066.474627,5635.952276,2933.585718,gun_fight
428,21.4,21.5,439.232153,0.161734,3128.85,5810.0,621.175783,4927.068464,5031.41568,2529.007347,gun_fight
429,21.45,21.55,335.668237,0.142143,2452.76,4510.0,569.388007,4221.270279,2649.648545,947.480013,gun_fight
430,21.5,21.6,2385.319906,0.148395,2968.96,6080.0,13616.153438,21922.850325,22176.042011,14477.043851,gun_fight
431,21.55,21.65,2452.279965,0.18341,3001.11,6140.0,13774.800864,22512.11162,23260.97337,15325.681842,gun_fight
432,21.6,21.7,2075.950718,0.185911,3059.4,6480.0,11190.435691,18267.138077,20178.749043,13397.81501,gun_fight
433,21.65,21.75,2047.011242,0.163401,3023.46,6460.0,11047.6265,18321.537715,19352.314613,12844.404988,gun_fight
434,21.7,21.8,1656.000294,0.194664,3077.78,6360.0,7395.111088,17577.245572,14244.708405,10554.287273,gun_fight
435,21.75,21.85,1716.200047,0.197999,3050.09,6270.0,7221.244877,18598.786157,15100.986555,10640.746161,gun_fight
436,21.8,21.9,1611.388853,0.181742,3117.88,6460.0,6907.226395,16761.923272,15329.120115,10671.780016,gun_fight
437,21.85,21.95,1527.801213,0.19925,3182.47,6510.0,6836.42115,15311.54552,14864.342585,10544.223049,gun_fight
438,21.9,22.0,1524.935351,0.217174,3125.33,6360.0,6594.151613,15882.508068,13992.021986,10329.473249,gun_fight
439,21.95,22.05,1516.014896,0.209671,3125.41,6360.0,6598.071094,15755.085241,13781.511783,10278.623798,gun_fight
440,22.0,22.1,1502.734069,0.207586,3109.55,6620.0,7303.069236,15556.288376,12808.680016,10200.373999,gun_fight
441,22.05,22.15,1494.400888,0.227595,3131.16,6670.0,7307.046871,15380.08961,12886.575447,10377.768321,gun_fight
442,22.1,22.2,1534.052008,0.209254,3158.99,6550.0,6813.897052,15899.79398,13924.592834,11019.309865,gun_fight
443,22.15,22.25,3250.297376,0.183827,2771.49,6020.0,15201.836582,34070.537351,24498.69039,16504.745515,gun_fight
444,22.2,22.3,3295.558822,0.172572,2723.08,5940.0,16664.349275,33842.834176,23968.307072,16741.308891,gun_fight
445,22.25,22.35,1646.10268,0.182159,3000.35,6370.0,8905.022349,16198.143537,13650.191905,11098.266675,gun_fight
446,22.3,22.4,1697.634756,0.198833,3075.21,6410.0,6842.612633,18520.915071,14117.685168,11609.520492,gun_fight
447,22.35,22.45,1800.43869,0.185911,3029.22,6290.0,6627.04337,20447.785959,15252.437265,12093.549906,gun_fight
448,22.4,22.5,1688.893662,0.188412,3100.12,6350.0,6918.790129,18401.792213,15929.012967,11434.543769,gun_fight
449,22.45,22.55,1603.115873,0.218841,3130.04,6460.0,6898.774051,16769.955678,14971.833516,11140.879852,gun_fight
450,22.5,22.6,2781.200248,0.210921,3264.83,6500.0,12427.019931,27836.421062,24027.351319,22158.014878,gun_fight
451,22.55,22.65,3037.150408,0.180075,3092.09,6290.0,16130.105792,28471.292441,24969.060498,22632.669109,gun_fight
452,22.6,22.7,1397.605646,0.15298,3120.2,6380.0,7990.538065,11002.53443,10910.367364,8676.743876,gun_fight
453,22.65,22.75,1599.318186,0.125052,1955.86,3880.0,4140.854538,18105.764556,5735.502482,3268.224068,gun_fight
454,22.7,22.8,1721.015822,0.115465,1978.15,4110.0,4415.007454,19755.649445,5906.428136,3567.496338,gun_fight
455,22.75,22.85,951.067184,0.118799,2442.14,5160.0,2253.377713,11713.587973,5145.451005,3253.529283,gun_fight
456,22.8,22.9,885.485762,0.111296,2270.09,4550.0,2060.109212,10897.680732,4538.773527,2166.375301,gun_fight
457,22.85,22.95,812.408884,0.122968,2280.19,4520.0,1993.894178,10212.098222,4813.842297,2156.27432,gun_fight
458,22.9,23.0,575.631407,0.11088,2436.87,4640.0,1241.862293,7012.633954,3993.848091,1790.69735,gun_fight
459,22.95,23.05,2530.943852,0.101709,2504.27,5070.0,10881.702784,28891.798727,19249.078967,10200.030018,gun_fight
460,23.0,23.1,2904.343812,0.124218,2560.02,5250.0,14004.706941,31601.796352,22959.03967,12504.034639,gun_fight
461,23.05,23.15,2858.176708,0.123802,2769.75,5830.0,15592.969874,27235.385299,23283.349785,13991.942407,gun_fight
462,23.1,23.2,2682.772746,0.148395,2783.24,5850.0,13960.861239,27001.681876,21549.025337,13483.683014,gun_fight
463,23.15,23.25,2798.867915,0.158816,2731.32,5930.0,14404.141611,29151.770318,21964.805792,14888.867188,gun_fight
464,23.2,23.3,2824.214718,0.152147,2725.87,5860.0,13772.552197,30536.578794,22370.430702,14430.18618,gun_fight
465,23.25,23.35,2569.316351,0.165486,2839.04,5790.0,9832.422862,29132.060597,23969.267915,14269.462481,gun_fight
466,23.3,23.4,2523.635347,0.168404,2851.23,5860.0,9639.789256,28648.653974,23653.547759,14295.503619,gun_fight
467,23.35,23.45,1266.110901,0.168404,2846.43,5690.0,2168.154698,15190.05515,11019.504728,6427.155119,gun_fight
468,23.4,23.5,1417.32317,0.174239,2794.24,5420.0,2115.465176,17739.289498,12802.367604,6471.399752,gun_fight
469,23.45,23.55,1420.778275,0.172155,2758.82,5290.0,2074.254188,17907.253473,12554.176675,5973.789698,gun_fight
470,23.5,23.6,906.963051,0.161734,2842.08,5370.0,1353.455516,11032.521783,9072.800123,4095.787655,gun_fight
471,23.55,23.65,754.172523,0.137974,2704.54,5040.0,1612.08391,9166.194219,7399.561202,3076.786313,gun_fight
472,23.6,23.7,607.205225,0.120467,2351.96,4350.0,1483.978174,7308.658591,4665.024327,1690.942845,gun_fight
473,23.65,23.75,516.877767,0.11213,2232.07,4140.0,1261.228206,6724.453403,3474.238504,1327.52826,gun_fight
474,23.7,23.8,472.78212,0.106711,2329.78,4590.0,1408.919219,6196.424962,2990.092791,1477.480452,gun_fight
475,23.75,23.85,371.742069,0.10296,2392.81,4760.0,1342.805755,4431.976837,2291.576675,1200.00097,gun_fight
476,23.8,23.9,331.960859,0.109212,2352.25,4610.0,1273.269768,3854.091715,2217.70267,1001.013161,gun_fight
477,23.85,23.95,302.393538,0.107545,2284.95,4460.0,1219.771192,3469.278342,2006.475418,869.276003,gun_fight
478,23.9,24.0,291.953203,0.097957,2327.69,4680.0,1200.639596,3400.679146,1928.617521,919.721823,gun_fight
479,23.95,24.05,265.441736,0.101709,2377.28,4760.0,1090.715249,3019.410467,1822.220436,872.881756,gun_fight
480,24.0,24.1,3652.488122,0.139225,3024.19,6210.0,15822.777517,38943.737807,31433.837273,21908.891397,gun_fight
481,24.05,24.15,3937.187367,0.166319,2923.52,6120.0,18929.867172,43095.674839,33309.400484,23402.622308,gun_fight
482,24.1,24.2,3709.280157,0.152564,2907.39,6180.0,18386.440352,40090.880627,32892.904197,21632.610118,gun_fight
483,24.15,24.25,3618.699627,0.164235,2903.35,6110.0,16357.038952,40968.51757,32400.949311,21111.740752,gun_fight
484,24.2,24.3,3617.332821,0.18341,2961.34,6220.0,15400.183676,39437.139171,33689.359378,22140.140492,gun_fight
485,24.25,24.35,3546.760174,0.194664,3002.76,6250.0,14666.647541,38192.037547,33505.755677,22211.8812,gun_fight
486,24.3,24.4,3433.261103,0.188412,3074.93,6370.0,14918.349901,36529.996772,32105.036363,22288.408319,gun_fight
487,24.35,24.45,3475.801465,0.170905,3051.61,6330.0,14927.191641,36714.591472,32706.432988,22307.265514,gun_fight
488,24.4,24.5,2802.701538,0.171321,3098.56,6280.0,11620.604226,28873.207332,27803.804698,18720.388913,gun_fight
489,24.45,24.55,2856.739061,0.177574,3047.94,6170.0,11404.604285,29858.724074,28603.063858,18460.880973,gun_fight
490,24.5,24.6,2757.704191,0.180909,3042.99,6560.0,12075.968126,28959.935869,24831.710355,18262.379356,gun_fight
491,24.55,24.65,2658.861245,0.197999,3116.16,6610.0,12114.287214,25599.25329,25133.053283,18329.401281,gun_fight
492,24.6,24.7,2802.654399,0.193414,3152.41,6350.0,11914.371755,28505.456501,27329.584197,19894.587237,gun_fight
493,24.65,24.75,3322.298951,0.183827,3097.53,6320.0,14992.704288,32702.686698,32040.276457,22374.64553,gun_fight
494,24.7,24.8,3592.627626,0.182993,3098.78,6360.0,16646.993905,33977.762264,36258.977071,21737.114896,gun_fight
495,24.75,24.85,3483.620459,0.190496,3121.7,6390.0,16042.76313,33078.36855,35769.595664,21011.886525,gun_fight
496,24.8,24.9,3248.512541,0.187161,2970.73,6070.0,14674.768421,31508.851342,33076.917828,18545.307848,gun_fight
497,24.85,24.95,2852.942739,0.17549,2941.31,6060.0,12512.682287,29445.091187,28744.87203,16634.755762,gun_fight
498,24.9,25.0,2930.279903,0.189246,3005.48,5960.0,13181.67951,31023.797289,26335.683836,19685.609928,gun_fight
499,24.95,25.05,3465.616105,0.182576,2917.35,5960.0,16441.154765,37200.231436,30569.355358,22180.823027,gun_fight
500,25.0,25.1,3216.408526,0.199667,3129.85,6430.0,15070.842185,32538.578541,31433.072845,22029.590449,gun_fight
501,25.05,25.15,2564.444171,0.209671,3153.57,6350.0,10704.983482,25859.519287,26285.794683,17780.982605,gun_fight
502,25.1,25.2,1280.874648,0.177574,2787.08,5450.0,1478.011474,16484.597669,12164.513672,5813.853578,gun_fight
503,25.15,25.25,2457.780517,0.163401,2783.68,5540.0,11525.721526,23780.275754,26033.39677,12672.926086,gun_fight
504,25.2,25.3,3025.752141,0.186328,2949.72,5980.0,14671.925975,25493.454063,29196.608758,16149.022601,gun_fight
505,25.25,25.35,2723.988175,0.195915,2971.26,6230.0,13696.092334,23691.473533,25467.278468,14921.360063,gun_fight
506,25.3,25.4,2543.584422,0.171321,3101.57,6430.0,10174.583734,21571.709372,23239.283415,14468.047112,gun_fight
507,25.35,25.45,1876.688733,0.140058,2874.49,6110.0,9205.663548,18789.482839,17280.764671,10208.082145,gun_fight
508,25.4,25.5,947.426053,0.153397,2775.52,5520.0,1945.514095,11165.70395,7545.187787,4264.852552,gun_fight
509,25.45,25.55,998.805629,0.179241,2886.88,5560.0,1428.019762,11588.385348,8948.623088,4494.760948,gun_fight
510,25.5,25.6,923.610205,0.180492,2834.76,5160.0,1135.848789,11480.909676,9167.077914,3878.212109,gun_fight
511,25.55,25.65,740.323054,0.167987,2984.96,5370.0,927.537567,8544.866889,8169.774653,3255.87594,gun_fight
512,25.6,25.7,580.176829,0.142976,2734.16,5170.0,937.486421,7042.79518,5331.322428,2350.852992,gun_fight
513,25.65,25.75,387.540429,0.121301,2419.0,4590.0,683.395424,4935.832058,2878.248302,1143.152986,gun_fight
514,25.7,25.8,316.768574,0.116298,2429.47,4730.0,677.706975,4048.700086,2068.665875,960.744032,gun_fight
515,25.75,25.85,3053.273171,0.163818,2936.07,6250.0,17772.154552,25985.100807,22555.382604,19374.248929,gun_fight
516,25.8,25.9,3063.820228,0.163401,2938.2,6250.0,17904.256662,25948.329042,22601.984456,19512.503502,gun_fight
517,25.85,25.95,695.466154,0.097124,2478.32,5720.0,2684.063764,7772.660583,3201.402988,2756.152156,gun_fight
518,25.9,26.0,1641.512834,0.076699,1500.04,2400.0,4752.767362,18849.719649,3296.099843,1953.419945,gun_fight
519,25.95,26.05,1626.12076,0.098374,1844.36,3990.0,4912.713511,18475.750805,4175.471246,3319.31825,gun_fight
520,26.0,26.1,809.035344,0.097957,2454.27,5390.0,2178.165827,9409.906513,3441.233466,3004.998097,gun_fight
521,26.05,26.15,768.931153,0.095873,1805.66,3250.0,2031.039133,9488.029554,3160.557275,1075.097205,gun_fight
522,26.1,26.2,645.811338,0.115882,2256.79,4640.0,1472.661029,8009.777403,4422.364555,1576.082114,gun_fight
523,26.15,26.25,519.181086,0.101292,2307.81,4720.0,1161.424711,6150.548869,3534.01327,1296.897318,gun_fight
524,26.2,26.3,413.23711,0.093372,1766.57,3270.0,1115.934371,4898.018486,1626.836562,510.867869,gun_fight
525,26.25,26.35,294.113032,0.100459,1908.13,3640.0,808.459491,3540.498314,1440.244422,463.312978,gun_fight
526,26.3,26.4,254.221707,0.092955,1845.96,3560.0,706.224107,2957.147109,1112.962774,366.463286,gun_fight
527,26.35,26.45,287.200104,0.082951,1713.95,3270.0,918.146719,3000.289009,963.210204,332.492955,gun_fight
528,26.4,26.5,239.448813,0.079617,1562.62,2890.0,855.19232,2298.950492,652.128189,238.050904,gun_fight
529,26.45,26.55,133.825536,0.077532,1780.79,3380.0,411.198044,1549.088252,503.519009,188.473342,gun_fight
530,26.5,26.6,151.518912,0.07253,1485.49,2730.0,583.022188,1463.314026,411.447386,134.641437,gun_fight
531,26.55,26.65,568.523301,0.074614,2217.86,4440.0,3174.577378,6159.323307,3074.092472,1624.147994,gun_fight
532,26.6,26.7,613.878107,0.079617,2263.01,4670.0,3498.196134,6391.528265,3634.045591,1966.79124,gun_fight
533,26.65,26.75,276.450937,0.066278,3123.08,6610.0,1512.62307,2524.960592,2044.014612,1481.843157,gun_fight
534,26.7,26.8,257.557058,0.060859,1580.86,2620.0,778.016634,2955.905908,500.888549,346.582689,gun_fight
535,26.75,26.85,313.683798,0.0792,1689.85,3090.0,766.789898,3666.964202,597.259551,538.228289,gun_fight
536,26.8,26.9,232.107905,0.077115,1922.4,4360.0,526.907115,2691.775195,512.030606,502.639902,gun_fight
537,26.85,26.95,192.331435,0.090454,1805.59,3200.0,491.62483,2353.942015,776.224523,292.90303,gun_fight
538,26.9,27.0,192.89144,0.12005,2910.34,6130.0,446.34693,2203.888461,1634.98554,938.988276,gun_fight
539,26.95,27.05,151.39482,0.109629,3251.23,6790.0,316.755181,1543.314736,1477.479797,896.559491,gun_fight
540,27.0,27.1,111.322935,0.090038,1759.37,3000.0,285.382824,1270.117285,462.326673,139.758698,gun_fight
541,27.05,27.15,79.390401,0.093789,1807.24,3280.0,252.039386,950.920303,320.958151,126.69724,gun_fight
542,27.1,27.2,72.857432,0.097541,1738.53,3260.0,243.102954,877.64291,314.389748,108.956751,gun_fight
543,27.15,27.25,70.792031,0.095456,1761.66,3390.0,233.558179,822.710536,303.062614,108.375513,gun_fight
544,27.2,27.3,61.524927,0.085035,1731.71,3320.0,199.186066,706.74774,225.408498,91.719686,gun_fight
545,27.25,27.35,55.032676,0.077949,1652.24,3220.0,196.635809,595.115186,162.603131,78.968046,gun_fight
546,27.3,27.4,49.688626,0.079617,1734.53,3500.0,183.471831,514.183725,135.916505,80.087766,gun_fight
547,27.35,27.45,39.486601,0.088787,1909.45,4250.0,174.991558,382.743181,122.780263,80.194325,gun_fight
548,27.4,27.5,34.936448,0.082534,1991.79,4470.0,150.983876,316.924684,112.054238,74.132162,gun_fight
549,27.45,27.55,31.797255,0.072113,1903.17,4180.0,147.315408,279.219844,98.497455,59.844348,gun_fight
550,27.5,27.6,1436.085581,0.120467,3032.68,5410.0,7116.947279,11849.692198,20225.234475,7425.343481,gun_fight
551,27.55,27.65,2415.36872,0.185911,2964.32,5640.0,10881.654632,21845.724119,29952.49789,12487.015631,gun_fight
552,27.6,27.7,2485.698115,0.185077,2967.22,5760.0,9393.956664,22921.709551,28144.425754,12487.049452,gun_fight
553,27.65,27.75,2193.140705,0.158399,2907.62,5680.0,8111.108833,22047.872665,23040.672439,10834.106398,gun_fight
554,27.7,27.8,3457.021484,0.19133,3081.92,6370.0,15710.254606,34985.099078,32890.386057,21611.984404,gun_fight
555,27.75,27.85,3495.829969,0.201334,3139.41,6600.0,15664.081549,35468.040015,33247.925017,22205.462829,gun_fight
556,27.8,27.9,3421.969962,0.182576,2950.4,6020.0,15154.43039,35423.179742,34325.607946,20464.891601,gun_fight
557,27.85,27.95,3352.66977,0.197999,2991.72,6070.0,14642.06533,35288.800969,33704.873634,20150.553196,gun_fight
558,27.9,28.0,3225.662912,0.210504,3023.0,6220.0,13982.277042,33713.293288,30318.446336,21859.013564,gun_fight
559,27.95,28.05,3242.137812,0.211338,3088.59,6320.0,13637.532227,34003.692623,30744.354502,22396.209201,gun_fight
560,28.0,28.1,3048.078419,0.189246,3062.23,6460.0,14020.44889,31464.503666,27349.839477,20058.097593,gun_fight
561,28.05,28.15,3605.616769,0.174656,2972.46,6380.0,16569.554036,36974.613358,29600.864801,20968.099619,gun_fight
562,28.1,28.2,3428.145635,0.195498,2920.26,6290.0,15666.413751,35976.670395,28586.704822,20599.379239,gun_fight
563,28.15,28.25,2505.174961,0.2005,3066.04,6420.0,11517.554267,25885.155013,22828.726367,17155.023998,gun_fight
564,28.2,28.3,2619.223244,0.18341,2940.5,6030.0,11371.01693,27546.781221,23265.98129,16893.6606,gun_fight
565,28.25,28.35,2681.900849,0.179241,2949.9,6030.0,11291.673474,28228.900333,24130.637639,17311.495236,gun_fight
566,28.3,28.4,2650.498764,0.179658,3191.7,6540.0,12180.441274,27721.316738,23070.441058,19541.509133,gun_fight
567,28.35,28.45,2583.187802,0.202584,3227.01,6580.0,12179.017326,26282.029162,22298.564325,19523.331727,gun_fight
568,28.4,28.5,2612.526794,0.197582,3256.2,6670.0,12307.547621,27237.989293,23188.643978,18825.795238,gun_fight
569,28.45,28.55,3374.928493,0.2005,3034.01,6450.0,15854.472842,37157.900156,28030.929344,21074.731064,gun_fight
570,28.5,28.6,3527.369357,0.213005,2962.4,6200.0,17695.373,36808.166862,30489.266502,21502.804043,gun_fight
571,28.55,28.65,3595.10322,0.204669,2981.28,6170.0,19142.60162,34877.167339,32179.466416,22225.257548,gun_fight
572,28.6,28.7,2613.613318,0.193414,2805.69,5820.0,13205.916708,26679.029082,23089.926469,14196.570659,gun_fight
573,28.65,28.75,2815.355448,0.156315,2720.4,5860.0,13750.034433,30479.351052,23008.23017,14410.584912,gun_fight
574,28.7,28.8,2806.780996,0.153814,2744.97,5860.0,13308.584241,30729.757796,23111.827002,14386.923431,gun_fight
575,28.75,28.85,2574.890445,0.15965,2819.69,5700.0,9640.840706,29731.664635,24799.037934,13748.221068,gun_fight
576,28.8,28.9,2581.37661,0.15173,2819.72,5760.0,9743.217911,29732.917724,24775.689117,13847.240007,gun_fight
577,28.85,28.95,1337.264976,0.156732,2795.56,5440.0,2245.554136,16329.143468,11833.50725,6231.96635,gun_fight
578,28.9,29.0,1432.624642,0.157149,2730.4,5270.0,2233.204699,17987.33589,12922.727111,6036.002739,gun_fight
579,28.95,29.05,1423.508704,0.161317,2720.53,5250.0,2170.563561,17864.3357,12379.609702,5787.417571,gun_fight
580,29.0,29.1,920.786807,0.167153,2818.77,5370.0,1728.570594,11295.52948,8785.622253,4144.131403,gun_fight
581,29.05,29.15,732.628602,0.143393,2701.33,5060.0,1645.325522,8765.893176,6883.012036,2920.853161,gun_fight
582,29.1,29.2,587.765309,0.121301,2367.47,4410.0,1360.129553,7437.585354,4612.089013,1712.902224,gun_fight
583,29.15,29.25,495.66304,0.116298,2259.42,4310.0,1228.302824,6434.508208,3314.551861,1295.354783,gun_fight
584,29.2,29.3,442.356509,0.113381,2167.56,4070.0,1180.883794,5671.766745,2693.600786,1026.716836,gun_fight
585,29.25,29.35,366.706095,0.11213,2179.71,4150.0,1262.812963,4476.622152,2277.123894,888.439843,gun_fight
586,29.3,29.4,320.941983,0.111713,2188.33,4190.0,1256.159353,3852.365404,2017.588781,824.290264,gun_fight
587,29.35,29.45,342.167749,0.105877,2261.86,4440.0,1529.944216,3902.038316,2155.692202,954.162211,gun_fight
588,29.4,29.5,292.950265,0.098374,2079.95,4040.0,1341.919038,3395.942687,1597.770605,721.903649,gun_fight
589,29.45,29.55,267.129618,0.10421,2251.94,4600.0,1195.589601,3007.517167,1597.872174,806.315517,gun_fight
590,29.5,29.6,1246.031743,0.127136,3142.74,6680.0,5922.701894,12812.196998,11469.156575,8869.061088,gun_fight
591,29.55,29.65,1392.634938,0.173822,3191.2,6720.0,5928.918179,14889.108054,13333.0362,10172.990811,gun_fight
592,29.6,29.7,2774.807402,0.197582,2841.27,6160.0,13609.184326,27496.12925,23913.348207,14872.506622,gun_fight
593,29.65,29.75,2838.384257,0.168404,2846.42,6140.0,13821.821896,27394.849559,24169.146125,15412.292837,gun_fight
594,29.7,29.8,1003.691584,0.154231,3209.25,6610.0,3906.268272,8764.975273,9381.16309,6647.304106,gun_fight
595,29.75,29.85,1004.647181,0.177991,2820.94,5920.0,2859.038611,11119.330832,8267.491679,4956.179812,gun_fight
596,29.8,29.9,1190.671053,0.1609,2643.13,5220.0,2643.01717,14131.961513,8990.638224,4802.485362,gun_fight
597,29.85,29.95,978.277507,0.140475,2654.6,5220.0,1985.839559,11806.093169,7204.843054,3732.367106,gun_fight
598,29.9,30.0,872.915609,0.163818,3164.72,5410.0,1424.22057,8974.175001,11893.547765,4822.439838,gun_fight
599,29.95,30.05,900.680565,0.148395,3066.37,5280.0,1461.346067,9375.067735,11574.524321,4430.915009,gun_fight
600,30.0,30.1,760.189693,0.128387,2256.28,4480.0,1401.824161,9374.328123,4244.378449,1968.906758,gun_fight
601,30.05,30.15,596.680543,0.125469,2350.24,4660.0,1173.520038,7294.115805,3674.421244,1710.088185,gun_fight
602,30.1,30.2,460.989401,0.117132,2255.74,4370.0,876.492597,5750.217418,2786.403946,1126.980169,gun_fight
603,30.15,30.25,305.215548,0.111296,2184.86,4170.0,773.586138,3764.212699,1956.174259,678.069555,gun_fight
604,30.2,30.3,228.818807,0.105877,2238.01,4390.0,578.992634,2759.711192,1488.072394,550.062789,gun_fight
605,30.25,30.35,308.771683,0.099208,2060.61,4060.0,798.679837,3417.724227,1232.701063,552.534088,gun_fight
606,30.3,30.4,331.349626,0.084202,1547.22,2800.0,846.732514,3480.888895,924.185916,313.717206,gun_fight
607,30.35,30.45,199.643082,0.08837,2208.87,4270.0,692.196342,2249.027696,903.477283,424.624514,gun_fight
608,30.4,30.5,171.529824,0.090871,1839.17,3450.0,615.476061,1848.68947,714.782366,228.226867,gun_fight
609,30.45,30.55,158.029089,0.093372,1871.71,3650.0,598.570094,1611.04465,717.152107,248.63565,gun_fight
610,30.5,30.6,110.119115,0.108795,2888.9,6220.0,383.740699,1203.565301,784.013994,456.590706,gun_fight
611,30.55,30.65,2116.044116,0.164235,2489.48,5800.0,12957.774968,20528.153786,11361.680057,8080.318674,gun_fight
612,30.6,30.7,2153.937684,0.151313,2515.5,5840.0,12940.464446,20564.735843,11558.918513,8373.324541,gun_fight
613,30.65,30.75,2254.648215,0.113797,2741.11,5790.0,7430.121093,29395.406289,15539.360086,11162.349141,gun_fight
614,30.7,30.8,2391.851099,0.130054,2697.79,5710.0,7463.226633,31400.400362,15885.067467,11375.584471,gun_fight
615,30.75,30.85,1030.623504,0.103376,2199.45,4720.0,3169.766004,12250.634917,4678.564787,3070.818215,gun_fight
616,30.8,30.9,563.702432,0.107545,1975.52,4190.0,1722.96051,6072.524394,2126.581062,1214.302001,gun_fight
617,30.85,30.95,526.553725,0.124218,2328.08,4420.0,1086.544401,6444.484555,3681.373748,1365.928874,gun_fight
618,30.9,31.0,527.191231,0.130471,2444.13,4580.0,1148.338898,6208.158067,4306.751452,1560.570939,gun_fight
619,30.95,31.05,400.170657,0.12005,2403.1,4590.0,947.657575,4912.334396,2825.004413,1192.025211,gun_fight
620,31.0,31.1,362.602274,0.09629,1970.89,3600.0,871.415341,4514.773382,1466.543677,700.019681,gun_fight
621,31.05,31.15,239.1699,0.095456,2106.11,4100.0,669.49315,2842.509879,1168.384033,531.747854,gun_fight
622,31.1,31.2,206.324942,0.101709,1948.93,3540.0,640.105764,2573.811302,1037.561242,363.960261,gun_fight
623,31.15,31.25,172.952009,0.097541,1859.12,3260.0,479.398313,2154.928154,830.084933,253.594944,gun_fight
624,31.2,31.3,127.580625,0.090454,1794.63,3110.0,341.283546,1635.696146,562.081346,173.358719,gun_fight
625,31.25,31.35,99.065019,0.103793,2321.75,4930.0,293.433099,1184.559146,574.235507,326.192353,gun_fight
626,31.3,31.4,90.087677,0.102126,2351.83,5000.0,261.014382,1100.760624,502.15901,314.906817,gun_fight
627,31.35,31.45,73.651129,0.090454,1793.35,3110.0,232.071135,908.825947,295.876676,106.186798,gun_fight
628,31.4,31.5,604.827247,0.109629,2166.43,4480.0,3420.649018,6377.660405,3291.982523,1798.857908,gun_fight
629,31.45,31.55,611.708003,0.090871,2174.32,4510.0,3501.477994,6374.899691,3346.878685,1846.640329,gun_fight
630,31.5,31.6,160.891888,0.054189,2395.5,5380.0,516.481972,1488.091406,654.2702,486.022034,gun_fight
631,31.55,31.65,2665.859944,0.102543,2530.84,5960.0,16222.170304,25758.450596,14039.21399,10446.530224,gun_fight
632,31.6,31.7,3086.020769,0.171738,2574.71,5780.0,17121.114112,30794.280012,18962.268963,12838.583268,gun_fight
633,31.65,31.75,2426.089238,0.158399,2373.4,4940.0,8005.485045,27781.651449,15423.428651,8218.48507,gun_fight
634,31.7,31.8,2198.898441,0.119633,2210.51,4570.0,5377.388103,27008.661764,10225.628903,5957.88101,gun_fight
635,31.75,31.85,1418.926227,0.116715,2277.35,4900.0,4271.980239,16943.416916,6392.629999,4305.565418,gun_fight
636,31.8,31.9,895.843793,0.140475,2380.99,4820.0,2151.701383,10670.307872,5309.832256,2690.543419,gun_fight
637,31.85,31.95,789.993583,0.145894,2329.03,4330.0,1709.226598,9866.08268,6118.674736,2030.931048,gun_fight
638,31.9,32.0,771.89105,0.138391,2491.95,4570.0,1614.357857,9418.846467,6325.169489,2273.928618,gun_fight
639,31.95,32.05,557.508009,0.130888,2591.68,5210.0,1329.628054,7004.320179,3987.573438,2002.734627,gun_fight
640,32.0,32.1,497.508059,0.111296,2031.61,3660.0,1273.612044,6417.003459,2202.661993,990.7743,gun_fight
641,32.05,32.15,343.327877,0.105044,1951.07,3610.0,983.26266,4213.669536,1695.07576,616.371976,gun_fight
642,32.1,32.2,256.380364,0.105044,1889.74,3370.0,721.266062,3223.045156,1285.913054,419.494877,gun_fight
643,32.15,32.25,207.938805,0.097541,1798.3,3140.0,553.455952,2688.597174,1046.021695,277.804957,gun_fight
644,32.2,32.3,163.795917,0.0792,1708.85,2940.0,449.234773,2109.864318,699.92873,185.970841,gun_fight
645,32.25,32.35,140.426554,0.083785,2216.84,4820.0,421.988742,1626.959884,739.58041,406.787259,gun_fight
646,32.3,32.4,119.495567,0.091288,2232.17,4890.0,367.871421,1415.162265,641.668255,384.16421,gun_fight
647,32.35,32.45,91.007367,0.079617,1664.47,2940.0,298.304842,1136.189925,325.858205,109.54881,gun_fight
648,32.4,32.5,88.86848,0.074614,1545.75,2710.0,319.73315,999.41997,276.155284,90.564785,gun_fight
649,32.45,32.55,86.443886,0.075031,1533.75,2660.0,334.24433,964.982838,276.554964,78.815503,gun_fight
650,32.5,32.6,258.404864,0.099625,2321.18,4280.0,1118.376181,2833.886163,2104.091176,747.666854,gun_fight
651,32.55,32.65,261.260712,0.102126,2328.9,4290.0,1110.24125,2830.324447,2100.325191,753.086341,gun_fight
652,32.6,32.7,259.811744,0.11213,2449.31,4630.0,871.594574,2908.381294,1889.783304,822.452151,gun_fight
653,32.65,32.75,257.645378,0.125469,2450.82,4630.0,879.317308,2942.27552,1908.252481,827.113638,gun_fight
654,32.7,32.8,1413.905902,0.152564,3377.04,6720.0,5718.494394,14270.008048,13488.335306,12316.189133,gun_fight
655,32.75,32.85,1496.421682,0.217174,3341.75,6660.0,5788.798978,15151.035074,14503.791411,12929.662163,gun_fight
656,32.8,32.9,583.023095,0.213422,3663.91,7300.0,1870.670796,5483.13201,6773.292013,5350.800791,gun_fight
657,32.85,32.95,568.029825,0.189246,2804.57,5200.0,1103.016988,6752.682072,6132.114958,2558.634073,gun_fight
658,32.9,33.0,664.520433,0.203418,2766.25,5070.0,957.206383,7863.481543,7291.007794,2809.995516,gun_fight
659,32.95,33.05,553.508156,0.208003,3078.93,5840.0,864.125627,6319.105105,6499.725483,2978.307513,gun_fight
660,33.0,33.1,428.234309,0.179658,2980.37,5790.0,747.736898,5127.813907,4562.855043,2270.657195,gun_fight
661,33.05,33.15,392.120711,0.155898,2621.41,4790.0,794.536553,4793.507471,3558.288174,1348.018699,gun_fight
662,33.1,33.2,378.983994,0.144644,2471.64,4450.0,851.139114,4772.420612,2968.210859,1146.994067,gun_fight
663,33.15,33.25,311.294541,0.138808,2431.14,4480.0,785.596328,4071.660814,2204.440392,967.31725,gun_fight
664,33.2,33.3,269.717212,0.138391,2482.43,4820.0,761.544221,3241.654414,1902.374545,902.350648,gun_fight
665,33.25,33.35,250.996569,0.144227,2489.19,4830.0,771.296792,3035.874862,1821.289435,855.198818,gun_fight
666,33.3,33.4,248.286108,0.145477,2346.88,4280.0,831.685788,2914.874667,1889.735391,712.758934,gun_fight
667,33.35,33.45,253.191313,0.127553,2287.63,4170.0,836.447879,2990.468042,1863.694626,693.114549,gun_fight
668,33.4,33.5,240.325538,0.135056,2500.62,4730.0,732.783474,2835.796183,1974.414732,829.219915,gun_fight
669,33.45,33.55,237.894407,0.142143,2494.25,4730.0,744.459946,2794.132837,1989.720807,833.54586,gun_fight
670,33.5,33.6,255.318576,0.134223,2399.61,4430.0,752.301799,2997.490104,1885.173076,761.906535,gun_fight
671,33.55,33.65,255.777752,0.140475,2372.17,4370.0,771.130025,3042.913716,1903.15511,740.129885,gun_fight
672,33.6,33.7,225.93993,0.14506,2524.85,4550.0,773.588747,2400.446943,2054.856045,726.881432,gun_fight
673,33.65,33.75,2425.614899,0.162568,2506.19,5150.0,11571.715283,25181.566567,19490.083747,9557.837514,gun_fight
674,33.7,33.8,2802.975488,0.116715,2630.26,5530.0,13717.983645,27274.884581,23120.005696,11965.024082,gun_fight
675,33.75,33.85,1459.127101,0.044185,2885.57,6000.0,6693.400861,14381.105743,12319.334824,7439.072736,gun_fight
676,33.8,33.9,814.302415,0.113381,2510.9,4980.0,3223.778232,8966.649585,6576.141836,3141.409517,gun_fight
677,33.85,33.95,1102.520132,0.182576,2583.37,5080.0,2725.002444,12505.702518,9204.846015,4439.439868,gun_fight
678,33.9,34.0,987.454224,0.161734,2661.05,5280.0,1996.985336,11203.280361,8335.352976,4235.656463,gun_fight
679,33.95,34.05,877.645571,0.170488,3002.22,5170.0,1289.62035,8905.263748,11924.616614,4313.865503,gun_fight
680,34.0,34.1,903.127532,0.157566,2932.09,5070.0,1342.04857,9412.702231,11541.681169,3999.055709,gun_fight
681,34.05,34.15,694.633174,0.133806,2120.83,4010.0,1126.330674,8582.809151,4188.56699,1395.543022,gun_fight
682,34.1,34.2,557.865628,0.117966,2037.31,3880.0,1162.573895,7007.397784,3278.374093,1091.940856,gun_fight
683,34.15,34.25,479.859747,0.109212,1911.82,3630.0,921.832637,6123.114453,2550.994858,776.812044,gun_fight
684,34.2,34.3,3129.960995,0.142559,2592.83,5220.0,23400.498454,20882.164609,25426.346816,12124.318878,gun_fight
685,34.25,34.35,3135.464519,0.113381,2595.0,5230.0,23491.881793,20736.443588,25462.047232,12148.658502,gun_fight
686,34.3,34.4,490.068981,0.070446,2180.33,4660.0,2071.400803,5316.708987,2239.286876,1318.243083,gun_fight
687,34.35,34.45,932.742178,0.085452,1733.77,2910.0,2476.431385,11017.01326,2748.687263,1541.224159,gun_fight
688,34.4,34.5,924.009067,0.100459,2115.78,4590.0,2375.79244,11047.213004,3517.070078,2415.809167,gun_fight
689,34.45,34.55,520.252657,0.101292,2512.22,5400.0,1065.765877,6698.353042,2540.470868,2008.331664,gun_fight
690,34.5,34.6,517.469101,0.101292,1961.83,3620.0,964.688998,6849.740239,2431.907825,894.433192,gun_fight
691,34.55,34.65,2004.380006,0.149646,2917.42,5940.0,7399.423038,25040.371176,17728.387689,11071.658414,gun_fight
692,34.6,34.7,2000.82425,0.166319,2932.53,5960.0,7381.513119,24724.00187,17851.804277,11203.726634,gun_fight
693,34.65,34.75,379.453489,0.13589,2946.2,5700.0,902.795023,4402.361546,4187.600176,2010.570123,gun_fight
694,34.7,34.8,186.584968,0.120467,2425.14,4670.0,437.47506,2336.395393,1269.663509,545.382332,gun_fight
695,34.75,34.85,1168.484084,0.134639,2330.37,4930.0,4592.548606,13731.000062,7864.652484,4046.616926,gun_fight
696,34.8,34.9,1609.312195,0.148395,2676.96,5750.0,6995.842567,17272.289326,11373.726667,8096.53584,gun_fight
697,34.85,34.95,1131.930653,0.152147,2888.47,6430.0,5168.932454,12552.036893,7936.080778,6924.185919,gun_fight
698,34.9,35.0,472.30403,0.162985,2664.41,5240.0,725.972415,6145.176575,3479.485055,1799.310055,gun_fight
699,34.95,35.05,678.894672,0.161317,2679.89,5160.0,842.568,8612.384557,5355.717328,2624.080124,gun_fight
700,35.0,35.1,594.894662,0.15173,2732.44,5080.0,841.811397,7290.911385,5505.468907,2397.110488,gun_fight
701,35.05,35.15,347.586082,0.148395,2539.04,4430.0,528.165519,4268.016681,3479.94391,1055.173488,gun_fight
702,35.1,35.2,297.483306,0.13714,2310.05,4160.0,529.800052,3845.32331,2134.364821,703.637547,gun_fight
703,35.15,35.25,262.289093,0.122551,2092.7,3680.0,540.301889,3384.665116,1737.239758,470.885931,gun_fight
704,35.2,35.3,191.660841,0.117132,2222.23,3980.0,361.962651,2383.011312,1275.770101,390.912495,gun_fight
705,35.25,35.35,138.132038,0.110046,1990.59,3610.0,287.586898,1814.343953,823.278339,215.147594,gun_fight
706,35.3,35.4,106.346207,0.115048,1864.28,3450.0,246.713013,1362.359002,588.796155,133.298601,gun_fight
707,35.35,35.45,99.036555,0.103793,1764.63,3350.0,352.930332,1201.127593,501.089813,118.913342,gun_fight
708,35.4,35.5,97.299422,0.081701,1608.57,3060.0,409.463707,1117.762027,401.487866,96.16226,gun_fight
709,35.45,35.55,82.710602,0.087953,1588.33,2890.0,329.507973,961.202141,315.902443,78.224841,gun_fight
710,35.5,35.6,58.385511,0.087953,1701.82,3050.0,212.565307,716.412043,269.446903,62.073565,gun_fight
711,35.55,35.65,59.662942,0.085452,1706.82,3040.0,235.363976,661.807016,232.826911,62.140774,gun_fight
712,35.6,35.7,57.159495,0.092955,1617.77,2900.0,213.903683,624.39973,228.501001,48.617248,gun_fight
713,35.65,35.75,44.673664,0.080033,1739.09,3120.0,173.005834,487.202603,209.229149,48.50324,gun_fight
714,35.7,35.8,41.386844,0.072113,2373.34,4730.0,141.647458,469.477749,189.349413,102.04791,gun_fight
715,35.75,35.85,51.713212,0.081701,1529.91,2470.0,161.973385,621.236598,161.3793,38.935221,gun_fight
716,35.8,35.9,49.737394,0.08712,2147.32,4010.0,178.764748,592.043985,196.854599,98.900915,gun_fight
717,35.85,35.95,42.40114,0.082951,1654.68,2670.0,169.434685,498.419516,149.854055,41.730871,gun_fight
718,35.9,36.0,54.854375,0.12005,3629.58,7600.0,210.053435,571.516306,445.588406,458.998346,gun_fight
719,35.95,36.05,1386.537812,0.197999,3276.8,6600.0,5851.586167,14667.260422,12173.21993,11795.355311,gun_fight
720,36.0,36.1,1409.209095,0.242184,3275.13,6580.0,5891.662791,14785.411945,12746.913039,11933.462027,gun_fight
721,36.05,36.15,281.09808,0.272197,3535.62,6330.0,598.071683,2232.430788,4197.40914,2143.890732,gun_fight
722,36.1,36.2,552.86908,0.241767,2869.05,5330.0,717.175621,6685.757703,6003.596838,2742.782393,gun_fight
723,36.15,36.25,630.166436,0.202584,2891.23,5410.0,688.335398,7698.360809,7004.257653,3172.379374,gun_fight
724,36.2,36.3,433.827428,0.21634,3187.68,5690.0,376.18604,4794.530247,5346.198089,2800.65147,gun_fight
725,36.25,36.35,407.135263,0.180492,2980.84,5410.0,413.390722,4785.116991,4552.245583,2213.022208,gun_fight
726,36.3,36.4,341.883461,0.152564,2291.21,3820.0,458.651013,4611.596478,2810.716879,771.532711,gun_fight
727,36.35,36.45,237.76362,0.146728,2359.33,3920.0,279.907301,3235.378999,1931.202453,595.92372,gun_fight
728,36.4,36.5,176.002018,0.146311,2288.33,3860.0,241.382995,2367.37912,1381.134805,404.875683,gun_fight
729,36.45,36.55,111.399276,0.152147,2383.13,4020.0,170.169649,1437.232628,1012.109916,280.982079,gun_fight
730,36.5,36.6,78.225507,0.137974,2362.14,4320.0,159.909388,964.678599,660.071206,215.269628,gun_fight
731,36.55,36.65,75.947397,0.127136,2191.3,3960.0,201.763224,936.991527,543.65792,177.421982,gun_fight
732,36.6,36.7,71.863316,0.132138,2042.11,3610.0,209.126806,882.978902,491.148604,128.481719,gun_fight
733,36.65,36.75,55.507702,0.134639,2119.91,3670.0,139.276343,692.658164,418.449819,102.807098,gun_fight
734,36.7,36.8,55.426806,0.118383,2063.43,3600.0,199.479682,635.031582,369.906829,108.291154,gun_fight
735,36.75,36.85,60.710807,0.116298,2627.06,5520.0,219.193872,664.68301,387.126975,229.419885,gun_fight
736,36.8,36.9,2054.476612,0.150479,2186.13,4490.0,12311.978583,20499.601909,10558.990992,6140.998684,gun_fight
737,36.85,36.95,2085.575714,0.119633,2217.27,4570.0,12311.602245,20571.407086,10803.711198,6274.280197,gun_fight
738,36.9,37.0,1503.132142,0.09504,2429.79,5300.0,4633.42274,16585.971175,7250.389387,5671.625553,gun_fight
739,36.95,37.05,1785.488007,0.117549,2338.05,5200.0,4645.507516,21789.346194,7937.257064,6521.525508,gun_fight
740,37.0,37.1,1147.059083,0.093789,2195.37,4980.0,3204.483379,14071.453455,4321.74143,3669.450694,gun_fight
741,37.05,37.15,560.522815,0.08837,1988.09,4490.0,1878.914532,6389.661901,1849.122663,1377.209847,gun_fight
742,37.1,37.2,521.672611,0.115048,2383.33,4710.0,1080.888172,6501.152718,3601.506676,1707.566483,gun_fight
743,37.15,37.25,544.16284,0.144644,2593.79,5150.0,1178.627976,6777.318932,4283.727754,2140.085619,gun_fight
744,37.2,37.3,407.158441,0.124635,2599.7,5360.0,994.455184,4936.83553,2649.321879,1568.300605,gun_fight
745,37.25,37.35,336.616083,0.094206,2026.85,3750.0,1008.563096,4077.957111,1479.29862,675.886812,gun_fight
746,37.3,37.4,217.07662,0.098374,2154.21,4120.0,786.012431,2528.209857,1139.744368,516.220551,gun_fight
747,37.35,37.45,186.73824,0.105461,2074.48,3900.0,609.35423,2263.023317,1020.855396,406.569647,gun_fight
748,37.4,37.5,168.335706,0.104627,1931.6,3560.0,518.044433,2083.06172,874.733658,304.248072,gun_fight
749,37.45,37.55,129.78804,0.093372,1815.74,3370.0,421.856962,1560.105237,536.354552,191.437443,gun_fight
750,37.5,37.6,101.838747,0.087536,2069.31,4280.0,412.261331,1150.206124,485.08885,243.551142,gun_fight
751,37.55,37.65,2168.612002,0.130471,3223.46,6100.0,10379.905431,18942.344393,24036.758983,13467.315409,gun_fight
752,37.6,37.7,3082.298387,0.111713,2674.28,5650.0,23378.753363,21269.909223,24071.37849,13964.089481,gun_fight
753,37.65,37.75,2673.194229,0.060442,2351.96,5380.0,20676.43973,19022.961826,13368.860496,9139.812125,gun_fight
754,37.7,37.8,1814.65236,0.090454,2541.92,5620.0,8444.38898,19106.960868,11495.455842,7393.000132,gun_fight
755,37.75,37.85,1092.38624,0.121301,2138.34,4490.0,4596.559744,12792.680651,5296.912413,3238.880576,gun_fight
756,37.8,37.9,2548.62324,0.134223,2124.01,4380.0,15384.553403,25630.092915,12990.788621,7223.607312,gun_fight
757,37.85,37.95,2607.091993,0.121301,2137.99,4400.0,15169.001773,25891.661403,13638.578175,7421.533544,gun_fight
758,37.9,38.0,1984.401169,0.118383,2189.96,4650.0,5991.240085,22171.102817,9977.977742,5526.608049,gun_fight
759,37.95,38.05,2312.97639,0.125052,2122.38,4630.0,5950.598251,28045.71154,10025.772098,6394.522283,gun_fight
760,38.0,38.1,1577.130494,0.107962,2109.51,4670.0,4253.580155,19464.464146,6117.839646,4395.04439,gun_fight
761,38.05,38.15,822.207629,0.103376,1928.83,4070.0,2508.593883,9880.030617,3302.289077,1711.991117,gun_fight
762,38.1,38.2,743.845486,0.119216,2122.72,4020.0,1516.522975,9574.406394,4837.581216,1646.025001,gun_fight
763,38.15,38.25,752.095507,0.132972,2500.08,4740.0,1667.667545,9504.246974,5789.233843,2464.981001,gun_fight
764,38.2,38.3,555.409823,0.115465,2572.24,5190.0,1503.223846,6678.643347,3694.852656,2076.985021,gun_fight
765,38.25,38.35,457.509707,0.100459,2064.31,3870.0,1528.138279,5605.963379,2005.618184,984.17133,gun_fight
766,38.3,38.4,319.543571,0.095873,2011.4,3920.0,1331.737878,3533.272845,1478.132686,638.154235,gun_fight
767,38.35,38.45,277.399374,0.092122,1787.02,3270.0,1117.233103,3212.706098,1360.857854,412.759287,gun_fight
768,38.4,38.5,236.554944,0.097957,1695.08,3070.0,906.881041,2827.130424,1194.757424,291.772825,gun_fight
769,38.45,38.55,184.149183,0.089204,1579.54,2910.0,719.978285,2218.544775,718.947907,195.277754,gun_fight
770,38.5,38.6,146.08903,0.087536,1926.4,4010.0,651.442559,1643.375996,621.882009,311.962728,gun_fight
771,38.55,38.65,130.386507,0.084619,2026.31,4350.0,591.951979,1377.598889,548.050654,308.604028,gun_fight
772,38.6,38.7,119.910453,0.070029,1435.89,2390.0,493.902939,1305.543721,301.424836,101.432694,gun_fight
773,38.65,38.75,127.906481,0.06336,1324.25,2200.0,512.440272,1310.745704,280.631221,92.537954,gun_fight
774,38.7,38.8,118.165493,0.061276,1516.61,2570.0,480.825087,1167.989247,266.080693,113.281945,gun_fight
775,38.75,38.85,84.726651,0.072113,1517.72,2520.0,366.535038,928.917218,192.150316,87.04219,gun_fight
776,38.8,38.9,101.193552,0.065861,1238.69,1930.0,424.317848,1039.904949,169.585407,63.422652,gun_fight
777,38.85,38.95,106.134086,0.044185,1166.84,1830.0,431.83492,975.379403,146.780552,52.626477,gun_fight
778,38.9,39.0,86.499275,0.042101,1389.16,2200.0,353.764295,680.663967,128.420642,59.775822,gun_fight
779,38.95,39.05,77.007713,0.047103,1478.66,2430.0,298.859902,616.083147,141.500135,57.489044,gun_fight
780,39.0,39.1,56.695488,0.061692,1330.47,2290.0,258.818591,508.631841,124.188111,37.862908,gun_fight
781,39.05,39.15,54.792974,0.053356,1185.23,1870.0,270.347334,437.296529,79.395296,30.714758,gun_fight
782,39.1,39.2,54.11308,0.045436,1364.96,2070.0,257.657469,413.052902,69.782276,43.234027,gun_fight
783,39.15,39.25,40.018027,0.054189,1235.19,1840.0,171.163891,343.358729,53.1663,26.821233,gun_fight
784,39.2,39.3,37.261894,0.049604,1369.09,2190.0,181.78691,275.979843,52.771767,29.44987,gun_fight
785,39.25,39.35,41.661288,0.037932,1354.83,2100.0,188.132766,279.132263,49.301541,29.388669,gun_fight
786,39.3,39.4,37.582803,0.02501,1273.31,1980.0,130.53206,204.950082,35.980367,19.453522,gun_fight
787,39.35,39.45,27.614964,0.042101,1760.15,3790.0,161.747095,155.974084,47.716046,38.010369,gun_fight
788,39.4,39.5,23.491984,0.049187,1390.94,2400.0,91.068667,123.958528,25.312103,16.982697,gun_fight
789,39.45,39.55,29.163305,0.020425,1484.66,2900.0,122.333447,107.945191,26.993669,21.849818,gun_fight
790,39.5,39.6,27.461458,0.003752,1503.01,3020.0,93.095237,73.94309,20.642363,17.242154,gun_fight
791,39.55,39.65,17.420163,0.014173,1535.59,2960.0,66.569977,63.769798,15.192419,12.981715,gun_fight
792,39.6,39.7,18.032309,0.021259,1567.65,3370.0,73.609869,48.760773,14.8074,12.866642,gun_fight
793,39.65,39.75,21.615513,0.012088,1532.64,3600.0,71.883333,30.471698,13.375678,11.334613,gun_fight
794,39.7,39.8,16.559665,0.00792,1583.26,3730.0,69.396105,30.856312,12.847369,11.290872,gun_fight
795,39.75,39.85,5.830273,0.00792,2159.17,5480.0,19.49419,23.991914,6.166261,7.31803,gun_fight
796,39.8,39.9,3.928687,0.022093,2254.09,6000.0,17.78396,16.521167,5.356115,6.639046,gun_fight
797,39.85,39.95,2.661218,0.020842,2715.09,7050.0,11.747072,8.707656,4.73742,5.642079,gun_fight
798,39.9,40.0,2.310393,0.019591,2917.43,7500.0,8.729494,6.365826,4.122729,4.842883,gun_fight
799,39.95,40.05,0.932068,0.029179,3261.26,7960.0,4.235815,4.90863,3.151513,3.458053,gun_fight
800,40.0,40.1,0.432531,0.012505,3570.35,8510.0,2.338485,2.741807,1.980232,2.246132,gun_fight
801,40.05,40.15,0.028868,0.0,5998.91,10260.0,0.046469,0.171907,0.315699,0.533126,gun_fight
802,40.1,40.2,0.0,0.0,0.0,0.0,0.0,0.0,0.0,0.0,gun_fight
